[{"fields": {"model": "logentry", "app_label": "admin"}, "model": "contenttypes.contenttype", "pk": 1}, {"fields": {"model": "permission", "app_label": "auth"}, "model": "contenttypes.contenttype", "pk": 2}, {"fields": {"model": "group", "app_label": "auth"}, "model": "contenttypes.contenttype", "pk": 3}, {"fields": {"model": "user", "app_label": "auth"}, "model": "contenttypes.contenttype", "pk": 4}, {"fields": {"model": "contenttype", "app_label": "contenttypes"}, "model": "contenttypes.contenttype", "pk": 5}, {"fields": {"model": "session", "app_label": "sessions"}, "model": "contenttypes.contenttype", "pk": 6}, {"fields": {"model": "userprofile", "app_label": "home"}, "model": "contenttypes.contenttype", "pk": 7}, {"fields": {"model": "question", "app_label": "questions"}, "model": "contenttypes.contenttype", "pk": 8}, {"fields": {"model": "choice", "app_label": "questions"}, "model": "contenttypes.contenttype", "pk": 9}, {"fields": {"model": "question", "app_label": "home"}, "model": "contenttypes.contenttype", "pk": 16}, {"fields": {"model": "category", "app_label": "home"}, "model": "contenttypes.contenttype", "pk": 17}, {"fields": {"model": "survey", "app_label": "home"}, "model": "contenttypes.contenttype", "pk": 18}, {"fields": {"model": "response", "app_label": "home"}, "model": "contenttypes.contenttype", "pk": 19}, {"fields": {"model": "answerbase", "app_label": "home"}, "model": "contenttypes.contenttype", "pk": 20}, {"fields": {"model": "answerradio", "app_label": "home"}, "model": "contenttypes.contenttype", "pk": 21}, {"fields": {"model": "answerselect", "app_label": "home"}, "model": "contenttypes.contenttype", "pk": 22}, {"fields": {"model": "customquestion", "app_label": "home"}, "model": "contenttypes.contenttype", "pk": 25}, {"fields": {"model": "askbase", "app_label": "home"}, "model": "contenttypes.contenttype", "pk": 26}, {"fields": {"expire_date": "2015-12-08T15:06:02.930Z", "session_data": "ZjAxOTg4YzQ1MzVkNGNhZGVhMjY5NGZkMDQ3Njg3ZTVlMDhkZWVlMTp7Il9hdXRoX3VzZXJfaGFzaCI6IjI3YzkwNmFkNmZmZDIwYzMwMTU2OTEyZGMzOWI4ODI2YzlkMWY4ZDkiLCJfYXV0aF91c2VyX2JhY2tlbmQiOiJkamFuZ28uY29udHJpYi5hdXRoLmJhY2tlbmRzLk1vZGVsQmFja2VuZCIsIl9hdXRoX3VzZXJfaWQiOiIxIn0="}, "model": "sessions.session", "pk": "5zkfpaz3bieh3g032nyzkn39rgjobtnt"}, {"fields": {"expire_date": "2015-12-14T13:23:11.021Z", "session_data": "ZjAxOTg4YzQ1MzVkNGNhZGVhMjY5NGZkMDQ3Njg3ZTVlMDhkZWVlMTp7Il9hdXRoX3VzZXJfaGFzaCI6IjI3YzkwNmFkNmZmZDIwYzMwMTU2OTEyZGMzOWI4ODI2YzlkMWY4ZDkiLCJfYXV0aF91c2VyX2JhY2tlbmQiOiJkamFuZ28uY29udHJpYi5hdXRoLmJhY2tlbmRzLk1vZGVsQmFja2VuZCIsIl9hdXRoX3VzZXJfaWQiOiIxIn0="}, "model": "sessions.session", "pk": "9cno71k2v2gg596g4ylkyhv5xsuit7fu"}, {"fields": {"expire_date": "2015-12-13T13:34:26.826Z", "session_data": "MjUxMTU3N2NjNjRhYTI5NmMzNGRiMDJhNTk0MDBlZGY3N2U4ZGMyMTp7Il9hdXRoX3VzZXJfaGFzaCI6ImFlZmRmY2ZjYzYwOGY1NDQ1MGJhNjg0ZWY5ZTkzZDcxOTdmMDk2ODgiLCJfYXV0aF91c2VyX2JhY2tlbmQiOiJkamFuZ28uY29udHJpYi5hdXRoLmJhY2tlbmRzLk1vZGVsQmFja2VuZCIsIl9hdXRoX3VzZXJfaWQiOiIxNSJ9"}, "model": "sessions.session", "pk": "a7c8dg0whld3ecxcjl32b4ok26lyuj6g"}, {"fields": {"expire_date": "2015-12-08T14:53:06.325Z", "session_data": "ZjAxOTg4YzQ1MzVkNGNhZGVhMjY5NGZkMDQ3Njg3ZTVlMDhkZWVlMTp7Il9hdXRoX3VzZXJfaGFzaCI6IjI3YzkwNmFkNmZmZDIwYzMwMTU2OTEyZGMzOWI4ODI2YzlkMWY4ZDkiLCJfYXV0aF91c2VyX2JhY2tlbmQiOiJkamFuZ28uY29udHJpYi5hdXRoLmJhY2tlbmRzLk1vZGVsQmFja2VuZCIsIl9hdXRoX3VzZXJfaWQiOiIxIn0="}, "model": "sessions.session", "pk": "bowlizv7d5r8zl0e10uzmcn3n5vkn7uy"}, {"fields": {"expire_date": "2015-12-08T15:03:57.253Z", "session_data": "ZjAxOTg4YzQ1MzVkNGNhZGVhMjY5NGZkMDQ3Njg3ZTVlMDhkZWVlMTp7Il9hdXRoX3VzZXJfaGFzaCI6IjI3YzkwNmFkNmZmZDIwYzMwMTU2OTEyZGMzOWI4ODI2YzlkMWY4ZDkiLCJfYXV0aF91c2VyX2JhY2tlbmQiOiJkamFuZ28uY29udHJpYi5hdXRoLmJhY2tlbmRzLk1vZGVsQmFja2VuZCIsIl9hdXRoX3VzZXJfaWQiOiIxIn0="}, "model": "sessions.session", "pk": "cyjk6hi0irhpn0igzc4a0wuxgvtrrzl3"}, {"fields": {"expire_date": "2015-12-13T18:14:55.669Z", "session_data": "ZjAxOTg4YzQ1MzVkNGNhZGVhMjY5NGZkMDQ3Njg3ZTVlMDhkZWVlMTp7Il9hdXRoX3VzZXJfaGFzaCI6IjI3YzkwNmFkNmZmZDIwYzMwMTU2OTEyZGMzOWI4ODI2YzlkMWY4ZDkiLCJfYXV0aF91c2VyX2JhY2tlbmQiOiJkamFuZ28uY29udHJpYi5hdXRoLmJhY2tlbmRzLk1vZGVsQmFja2VuZCIsIl9hdXRoX3VzZXJfaWQiOiIxIn0="}, "model": "sessions.session", "pk": "kl8frhr94wseyghbdr0yszvwy6p2ounx"}, {"fields": {"expire_date": "2015-12-08T15:34:51.969Z", "session_data": "ZjAxOTg4YzQ1MzVkNGNhZGVhMjY5NGZkMDQ3Njg3ZTVlMDhkZWVlMTp7Il9hdXRoX3VzZXJfaGFzaCI6IjI3YzkwNmFkNmZmZDIwYzMwMTU2OTEyZGMzOWI4ODI2YzlkMWY4ZDkiLCJfYXV0aF91c2VyX2JhY2tlbmQiOiJkamFuZ28uY29udHJpYi5hdXRoLmJhY2tlbmRzLk1vZGVsQmFja2VuZCIsIl9hdXRoX3VzZXJfaWQiOiIxIn0="}, "model": "sessions.session", "pk": "ksu927nfehe8bnt6c6i158t44k00l8p6"}, {"fields": {"expire_date": "2015-12-08T13:23:36.519Z", "session_data": "ZjAxOTg4YzQ1MzVkNGNhZGVhMjY5NGZkMDQ3Njg3ZTVlMDhkZWVlMTp7Il9hdXRoX3VzZXJfaGFzaCI6IjI3YzkwNmFkNmZmZDIwYzMwMTU2OTEyZGMzOWI4ODI2YzlkMWY4ZDkiLCJfYXV0aF91c2VyX2JhY2tlbmQiOiJkamFuZ28uY29udHJpYi5hdXRoLmJhY2tlbmRzLk1vZGVsQmFja2VuZCIsIl9hdXRoX3VzZXJfaWQiOiIxIn0="}, "model": "sessions.session", "pk": "lb86gxtz9sj7z3mkn6pdcxfbvxc6cvnp"}, {"fields": {"expire_date": "2015-12-06T11:58:54.652Z", "session_data": "ZjAxOTg4YzQ1MzVkNGNhZGVhMjY5NGZkMDQ3Njg3ZTVlMDhkZWVlMTp7Il9hdXRoX3VzZXJfaGFzaCI6IjI3YzkwNmFkNmZmZDIwYzMwMTU2OTEyZGMzOWI4ODI2YzlkMWY4ZDkiLCJfYXV0aF91c2VyX2JhY2tlbmQiOiJkamFuZ28uY29udHJpYi5hdXRoLmJhY2tlbmRzLk1vZGVsQmFja2VuZCIsIl9hdXRoX3VzZXJfaWQiOiIxIn0="}, "model": "sessions.session", "pk": "o5ikpmxnqoc2mnm0ofafhlk7mgy62tei"}, {"fields": {"expire_date": "2015-12-08T15:35:52.305Z", "session_data": "ZjAxOTg4YzQ1MzVkNGNhZGVhMjY5NGZkMDQ3Njg3ZTVlMDhkZWVlMTp7Il9hdXRoX3VzZXJfaGFzaCI6IjI3YzkwNmFkNmZmZDIwYzMwMTU2OTEyZGMzOWI4ODI2YzlkMWY4ZDkiLCJfYXV0aF91c2VyX2JhY2tlbmQiOiJkamFuZ28uY29udHJpYi5hdXRoLmJhY2tlbmRzLk1vZGVsQmFja2VuZCIsIl9hdXRoX3VzZXJfaWQiOiIxIn0="}, "model": "sessions.session", "pk": "tt0bitxxiblusck8uaho2n53ku8mabeo"}, {"fields": {"expire_date": "2015-12-08T15:05:21.612Z", "session_data": "ZjAxOTg4YzQ1MzVkNGNhZGVhMjY5NGZkMDQ3Njg3ZTVlMDhkZWVlMTp7Il9hdXRoX3VzZXJfaGFzaCI6IjI3YzkwNmFkNmZmZDIwYzMwMTU2OTEyZGMzOWI4ODI2YzlkMWY4ZDkiLCJfYXV0aF91c2VyX2JhY2tlbmQiOiJkamFuZ28uY29udHJpYi5hdXRoLmJhY2tlbmRzLk1vZGVsQmFja2VuZCIsIl9hdXRoX3VzZXJfaWQiOiIxIn0="}, "model": "sessions.session", "pk": "wmlxyo7n5x8ckdy9igo7uw2hes9bzsx3"}, {"fields": {"expire_date": "2015-12-12T17:21:03.668Z", "session_data": "ZjAxOTg4YzQ1MzVkNGNhZGVhMjY5NGZkMDQ3Njg3ZTVlMDhkZWVlMTp7Il9hdXRoX3VzZXJfaGFzaCI6IjI3YzkwNmFkNmZmZDIwYzMwMTU2OTEyZGMzOWI4ODI2YzlkMWY4ZDkiLCJfYXV0aF91c2VyX2JhY2tlbmQiOiJkamFuZ28uY29udHJpYi5hdXRoLmJhY2tlbmRzLk1vZGVsQmFja2VuZCIsIl9hdXRoX3VzZXJfaWQiOiIxIn0="}, "model": "sessions.session", "pk": "x1bk7o8alm602pc5n5tw3x3d2rlg6ckh"}, {"fields": {"expire_date": "2015-12-12T12:10:22.481Z", "session_data": "ZjAxOTg4YzQ1MzVkNGNhZGVhMjY5NGZkMDQ3Njg3ZTVlMDhkZWVlMTp7Il9hdXRoX3VzZXJfaGFzaCI6IjI3YzkwNmFkNmZmZDIwYzMwMTU2OTEyZGMzOWI4ODI2YzlkMWY4ZDkiLCJfYXV0aF91c2VyX2JhY2tlbmQiOiJkamFuZ28uY29udHJpYi5hdXRoLmJhY2tlbmRzLk1vZGVsQmFja2VuZCIsIl9hdXRoX3VzZXJfaWQiOiIxIn0="}, "model": "sessions.session", "pk": "y3mx30hg62oc7v6s0x0svojjdtufcd79"}, {"fields": {"name": "Elections to the National Council 2015", "description": "The 200 members of the National Council are elected by the Swiss electorate for a period of four years. The next elections take place on 18 October 2015."}, "model": "home.survey", "pk": 1}, {"fields": {"name": "Elections to the Council of States 2015", "description": "The Council of States has 46 members elected by Swiss voters for a four year term of office according to cantonal rules. Each canton has two seats, with the exception of Obwalden, Nidwalden, Basel-Landschaft, Basel-Stadt, Appenzell-Innerrhoden and Appenzell-Ausserrhoden, which each have one seat."}, "model": "home.survey", "pk": 2}, {"fields": {"category": "Welfare State & Family"}, "model": "home.category", "pk": 1}, {"fields": {"category": "Health Care"}, "model": "home.category", "pk": 2}, {"fields": {"category": "Eduation & Research"}, "model": "home.category", "pk": 3}, {"fields": {"category": "Immigration & Integration"}, "model": "home.category", "pk": 4}, {"fields": {"category": "Society & Ethics"}, "model": "home.category", "pk": 5}, {"fields": {"category": "Finances & Taxes"}, "model": "home.category", "pk": 6}, {"fields": {"category": "Economy & Work"}, "model": "home.category", "pk": 7}, {"fields": {"category": "Energy"}, "model": "home.category", "pk": 8}, {"fields": {"category": "Environment & Transport"}, "model": "home.category", "pk": 9}, {"fields": {"category": "Political system"}, "model": "home.category", "pk": 10}, {"fields": {"category": "Justice & Security"}, "model": "home.category", "pk": 11}, {"fields": {"category": "External relations"}, "model": "home.category", "pk": 12}, {"fields": {"survey": 1, "category_type": 1, "question": "Do you support a raise in the retirement age for both women and men (e.g. to 67)?", "question_type": "radio", "choices": "Agree, Partially Agree, Partially Disagree, Disagree, No Answer"}, "model": "home.question", "pk": 6}, {"fields": {"survey": 1, "category_type": 1, "question": "Would you appreciate the introduction of needs-based minimum benefits for families on low income on a national level?", "question_type": "radio", "choices": "Agree, Partially Agree, Partially Disagree, Disagree, No Answer"}, "model": "home.question", "pk": 7}, {"fields": {"survey": 1, "category_type": 1, "question": "Are you in favour of an adjustment to the benefits regulations which provide for a reduction of benefits for large families and young adults?", "question_type": "radio", "choices": "Agree, Partially Agree, Partially Disagree, Disagree, No Answer"}, "model": "home.question", "pk": 8}, {"fields": {"survey": 1, "category_type": 2, "question": "Would you agree to an increase in the minimum deductible relating to the compulsory basic health insurance scheme (KVG) from CHF 300 to CHF 500?", "question_type": "radio", "choices": "Agree, Partially Agree, Partially Disagree, Disagree, No Answer"}, "model": "home.question", "pk": 9}, {"fields": {"survey": 1, "category_type": 3, "question": "Should the government increase its efforts to support equal education opportunities (such as through vouchers for private lessons granted to students from families on low income)?", "question_type": "radio", "choices": "Agree, Partially Agree, Partially Disagree, Disagree, No Answer"}, "model": "home.question", "pk": 10}, {"fields": {"survey": 1, "category_type": 3, "question": "Do you approve of schools allowing pupils to be exempted from individual subjects or events on religious grounds (e.g. PE/swimming, school trips, sex education lessons, etc.)?", "question_type": "radio", "choices": "Agree, Partially Agree, Partially Disagree, Disagree, No Answer"}, "model": "home.question", "pk": 11}, {"fields": {"survey": 1, "category_type": 4, "question": "Would you support that foreigners who have lived for at least ten years in Switzerland being given voting and electoral rights at municipal level throughout Switzerland?", "question_type": "radio", "choices": "Agree, Partially Agree, Partially Disagree, Disagree, No Answer"}, "model": "home.question", "pk": 12}, {"fields": {"survey": 1, "category_type": 4, "question": "Should the naturalisation process for third-generation foreigners be simplified?", "question_type": "radio", "choices": "Agree, Partially Agree, Partially Disagree, Disagree, No Answer"}, "model": "home.question", "pk": 13}, {"fields": {"survey": 1, "category_type": 4, "question": "Should the residence permit for migrants from non-EU/EFTA countries be subject to the fulfilment of binding integration agreements across Switzerland?", "question_type": "radio", "choices": "Agree, Partially Agree, Partially Disagree, Disagree, No Answer"}, "model": "home.question", "pk": 14}, {"fields": {"survey": 1, "category_type": 4, "question": "Are you in favour of legalizing the status of sans papiers immigrants (i.e. immigrants who have no official paperwork) through a one-off, collective granting of residency permits?", "question_type": "radio", "choices": "Agree, Partially Agree, Partially Disagree, Disagree, No Answer"}, "model": "home.question", "pk": 15}, {"fields": {"survey": 1, "category_type": 5, "question": "Should same-sex couples who have registered their partnership be able to adopt children?", "question_type": "radio", "choices": "Agree, Partially Agree, Partially Disagree, Disagree, No Answer"}, "model": "home.question", "pk": 16}, {"fields": {"survey": 1, "category_type": 5, "question": "In June 2015 the Swiss people approved the relaxation of the rules for medically assisted reproduction (referendum on pre-implantation diagnosis, PID). Do you welcome this decision?", "question_type": "radio", "choices": "Agree, Partially Agree, Partially Disagree, Disagree, No Answer"}, "model": "home.question", "pk": 17}, {"fields": {"survey": 1, "category_type": 5, "question": "Should the consumption of cannabis as well as its possession for personal use be legalised?", "question_type": "radio", "choices": "Agree, Partially Agree, Partially Disagree, Disagree, No Answer"}, "model": "home.question", "pk": 18}, {"fields": {"survey": 1, "category_type": 5, "question": "Do you think the federal government should withdraw from its financial support of cultural activities?", "question_type": "radio", "choices": "Agree, Partially Agree, Partially Disagree, Disagree, No Answer"}, "model": "home.question", "pk": 19}, {"fields": {"survey": 1, "category_type": 6, "question": "Do you consider tax reductions on federal level a priority for the next four years?", "question_type": "radio", "choices": "Agree, Partially Agree, Partially Disagree, Disagree, No Answer"}, "model": "home.question", "pk": 20}, {"fields": {"survey": 1, "category_type": 6, "question": "Are you in favour of the introduction of a capital gains tax in relation to securities?", "question_type": "radio", "choices": "Agree, Partially Agree, Partially Disagree, Disagree, No Answer"}, "model": "home.question", "pk": 21}, {"fields": {"survey": 1, "category_type": 6, "question": "Financially strong cantons want their payment of contributions to the financially weak cantons be reduced within the framework of the financial equalisation (NFA). Do you support this?", "question_type": "radio", "choices": "Agree, Partially Agree, Partially Disagree, Disagree, No Answer"}, "model": "home.question", "pk": 22}, {"fields": {"survey": 1, "category_type": 7, "question": "Are you in favour of introducing a general minimum wage to the amount of approx. CHF 4'000 (regarding full-time employment)?", "question_type": "radio", "choices": "Agree, Partially Agree, Partially Disagree, Disagree, No Answer"}, "model": "home.question", "pk": 23}, {"fields": {"survey": 1, "category_type": 7, "question": "Are you in favour of a general ban on advertisements for alcohol and tobacco?", "question_type": "radio", "choices": "Agree, Partially Agree, Partially Disagree, Disagree, No Answer"}, "model": "home.question", "pk": 24}, {"fields": {"survey": 1, "category_type": 8, "question": "A popular initiative demands that nuclear energy be completely abandoned by 2029. Are you in favour of this?", "question_type": "radio", "choices": "Agree, Partially Agree, Partially Disagree, Disagree, No Answer"}, "model": "home.question", "pk": 25}, {"fields": {"survey": 1, "category_type": 8, "question": "Switzerland currently levies a CO2 charge on fossil fuels (heating oil, natural gas). Should this charge be extended to motor fuels (e.g. petrol, diesel)?", "question_type": "radio", "choices": "Agree, Partially Agree, Partially Disagree, Disagree, No Answer"}, "model": "home.question", "pk": 26}, {"fields": {"survey": 1, "category_type": 9, "question": "Would you support the relaxing of legislation protecting large predators (lynx, wolves, bears)?", "question_type": "radio", "choices": "Agree, Partially Agree, Partially Disagree, Disagree, No Answer"}, "model": "home.question", "pk": 27}, {"fields": {"survey": 1, "category_type": 9, "question": "Should the more heavily-used sections of Swiss motorways (e.g. Berne-Zurich and Lausanne-Geneva) be expanded to three lanes?", "question_type": "radio", "choices": "Agree, Partially Agree, Partially Disagree, Disagree, No Answer"}, "model": "home.question", "pk": 28}, {"fields": {"survey": 1, "category_type": 10, "question": "Should the financing of political parties as well as the financing of electoral and referendum campaigns be openly declared?", "question_type": "radio", "choices": "Agree, Partially Agree, Partially Disagree, Disagree, No Answer"}, "model": "home.question", "pk": 29}, {"fields": {"survey": 1, "category_type": 10, "question": "Resolutions made by the European Court of Human Rights (ECHR) are binding for Switzerland. Do you think that this is justified?", "question_type": "radio", "choices": "Agree, Partially Agree, Partially Disagree, Disagree, No Answer"}, "model": "home.question", "pk": 30}, {"fields": {"survey": 1, "category_type": 11, "question": "Are you in favour of a considerable reduction of the number of soldiers to 100'000 at most?", "question_type": "radio", "choices": "Agree, Partially Agree, Partially Disagree, Disagree, No Answer"}, "model": "home.question", "pk": 31}, {"fields": {"survey": 1, "category_type": 11, "question": "Should the powers of the security services be increased to include preventative surveillance of communication by post, e-mail and telephone?", "question_type": "radio", "choices": "Agree, Partially Agree, Partially Disagree, Disagree, No Answer"}, "model": "home.question", "pk": 32}, {"fields": {"survey": 1, "category_type": 11, "question": "Should Switzerland terminate the Schengen Agreement with the EU and reintroduce increased identity checks directly on the border?", "question_type": "radio", "choices": "Agree, Partially Agree, Partially Disagree, Disagree, No Answer"}, "model": "home.question", "pk": 33}, {"fields": {"survey": 1, "category_type": 12, "question": "Do you consider the strict implementation of the large-scale immigration initiative to have priority over the continuation of bilateral agreements with the EU?", "question_type": "radio", "choices": "Agree, Partially Agree, Partially Disagree, Disagree, No Answer"}, "model": "home.question", "pk": 34}, {"fields": {"survey": 1, "category_type": 12, "question": "Should Switzerland start negotiations with the USA on a free trade agreement?", "question_type": "radio", "choices": "Agree, Partially Agree, Partially Disagree, Disagree, No Answer"}, "model": "home.question", "pk": 35}, {"fields": {"survey": 2, "category_type": 1, "question": "Do you support a raise in the retirement age for both women and men (e.g. to 67)?", "question_type": "radio", "choices": "Agree, Partially Agree, Partially Disagree, Disagree, No Answer"}, "model": "home.question", "pk": 66}, {"fields": {"survey": 2, "category_type": 2, "question": "Would you agree to an increase in the minimum deductible relating to the compulsory basic health insurance scheme (KVG) from CHF 300 to CHF 500?", "question_type": "radio", "choices": "Agree, Partially Agree, Partially Disagree, Disagree, No Answer"}, "model": "home.question", "pk": 67}, {"fields": {"survey": 2, "category_type": 3, "question": "Should the government increase its efforts to support equal education opportunities (such as through vouchers for private lessons granted to students from families on low income)?", "question_type": "radio", "choices": "Agree, Partially Agree, Partially Disagree, Disagree, No Answer"}, "model": "home.question", "pk": 68}, {"fields": {"survey": 2, "category_type": 4, "question": "Would you support that foreigners who have lived for at least ten years in Switzerland being given voting and electoral rights at municipal level throughout Switzerland?", "question_type": "radio", "choices": "Agree, Partially Agree, Partially Disagree, Disagree, No Answer"}, "model": "home.question", "pk": 69}, {"fields": {"survey": 2, "category_type": 5, "question": "Should same-sex couples who have registered their partnership be able to adopt children?", "question_type": "radio", "choices": "Agree, Partially Agree, Partially Disagree, Disagree, No Answer"}, "model": "home.question", "pk": 70}, {"fields": {"survey": 2, "category_type": 6, "question": "Do you consider tax reductions on federal level a priority for the next four years?", "question_type": "radio", "choices": "Agree, Partially Agree, Partially Disagree, Disagree, No Answer"}, "model": "home.question", "pk": 71}, {"fields": {"survey": 2, "category_type": 7, "question": "Are you in favour of introducing a general minimum wage to the amount of approx. CHF 4'000 (regarding full-time employment)?", "question_type": "radio", "choices": "Agree, Partially Agree, Partially Disagree, Disagree, No Answer"}, "model": "home.question", "pk": 72}, {"fields": {"survey": 2, "category_type": 8, "question": "A popular initiative demands that nuclear energy be completely abandoned by 2029. Are you in favour of this?", "question_type": "radio", "choices": "Agree, Partially Agree, Partially Disagree, Disagree, No Answer"}, "model": "home.question", "pk": 73}, {"fields": {"survey": 2, "category_type": 9, "question": "Would you support the relaxing of legislation protecting large predators (lynx, wolves, bears)?", "question_type": "radio", "choices": "Agree, Partially Agree, Partially Disagree, Disagree, No Answer"}, "model": "home.question", "pk": 74}, {"fields": {"survey": 2, "category_type": 10, "question": "Should the financing of political parties as well as the financing of electoral and referendum campaigns be openly declared?", "question_type": "radio", "choices": "Agree, Partially Agree, Partially Disagree, Disagree, No Answer"}, "model": "home.question", "pk": 75}, {"fields": {"survey": 2, "category_type": 11, "question": "Are you in favour of a considerable reduction of the number of soldiers to 100'000 at most?", "question_type": "radio", "choices": "Agree, Partially Agree, Partially Disagree, Disagree, No Answer"}, "model": "home.question", "pk": 76}, {"fields": {"survey": 2, "category_type": 12, "question": "Do you consider the strict implementation of the large-scale immigration initiative to have priority over the continuation of bilateral agreements with the EU?", "question_type": "radio", "choices": "Agree, Partially Agree, Partially Disagree, Disagree, No Answer"}, "model": "home.question", "pk": 77}, {"fields": {"updated": "2015-11-26T22:26:43.036Z", "question": 35, "response": 29, "created": "2015-11-26T22:26:43.036Z"}, "model": "home.answerbase", "pk": 117}, {"fields": {"updated": "2015-11-26T22:26:43.054Z", "question": 34, "response": 29, "created": "2015-11-26T22:26:43.054Z"}, "model": "home.answerbase", "pk": 118}, {"fields": {"updated": "2015-11-26T22:26:43.065Z", "question": 33, "response": 29, "created": "2015-11-26T22:26:43.065Z"}, "model": "home.answerbase", "pk": 119}, {"fields": {"updated": "2015-11-26T22:26:43.073Z", "question": 32, "response": 29, "created": "2015-11-26T22:26:43.073Z"}, "model": "home.answerbase", "pk": 120}, {"fields": {"updated": "2015-11-26T22:29:22.145Z", "question": 35, "response": 31, "created": "2015-11-26T22:29:22.145Z"}, "model": "home.answerbase", "pk": 125}, {"fields": {"updated": "2015-11-26T22:29:22.152Z", "question": 34, "response": 31, "created": "2015-11-26T22:29:22.152Z"}, "model": "home.answerbase", "pk": 126}, {"fields": {"updated": "2015-11-26T22:29:22.160Z", "question": 33, "response": 31, "created": "2015-11-26T22:29:22.160Z"}, "model": "home.answerbase", "pk": 127}, {"fields": {"updated": "2015-11-26T22:29:22.168Z", "question": 32, "response": 31, "created": "2015-11-26T22:29:22.168Z"}, "model": "home.answerbase", "pk": 128}, {"fields": {"updated": "2015-11-26T22:29:59.075Z", "question": 35, "response": 32, "created": "2015-11-26T22:29:59.075Z"}, "model": "home.answerbase", "pk": 129}, {"fields": {"updated": "2015-11-26T22:29:59.082Z", "question": 34, "response": 32, "created": "2015-11-26T22:29:59.082Z"}, "model": "home.answerbase", "pk": 130}, {"fields": {"updated": "2015-11-26T22:29:59.091Z", "question": 33, "response": 32, "created": "2015-11-26T22:29:59.091Z"}, "model": "home.answerbase", "pk": 131}, {"fields": {"updated": "2015-11-26T22:29:59.126Z", "question": 32, "response": 32, "created": "2015-11-26T22:29:59.126Z"}, "model": "home.answerbase", "pk": 132}, {"fields": {"updated": "2015-11-29T01:35:22.469Z", "question": 35, "response": 52, "created": "2015-11-29T01:35:22.469Z"}, "model": "home.answerbase", "pk": 226}, {"fields": {"updated": "2015-11-29T01:35:22.476Z", "question": 34, "response": 52, "created": "2015-11-29T01:35:22.476Z"}, "model": "home.answerbase", "pk": 227}, {"fields": {"updated": "2015-11-29T01:35:22.485Z", "question": 33, "response": 52, "created": "2015-11-29T01:35:22.485Z"}, "model": "home.answerbase", "pk": 228}, {"fields": {"updated": "2015-11-29T01:35:22.504Z", "question": 32, "response": 52, "created": "2015-11-29T01:35:22.504Z"}, "model": "home.answerbase", "pk": 230}, {"fields": {"updated": "2015-11-29T13:34:47.442Z", "question": 35, "response": 55, "created": "2015-11-29T13:34:47.442Z"}, "model": "home.answerbase", "pk": 244}, {"fields": {"updated": "2015-11-29T13:34:47.453Z", "question": 34, "response": 55, "created": "2015-11-29T13:34:47.453Z"}, "model": "home.answerbase", "pk": 245}, {"fields": {"updated": "2015-11-29T13:34:47.464Z", "question": 33, "response": 55, "created": "2015-11-29T13:34:47.464Z"}, "model": "home.answerbase", "pk": 246}, {"fields": {"updated": "2015-11-29T13:34:47.510Z", "question": 32, "response": 55, "created": "2015-11-29T13:34:47.510Z"}, "model": "home.answerbase", "pk": 248}, {"fields": {"updated": "2015-11-29T15:00:44.178Z", "question": 35, "response": 56, "created": "2015-11-29T15:00:44.178Z"}, "model": "home.answerbase", "pk": 249}, {"fields": {"updated": "2015-11-29T15:00:44.191Z", "question": 34, "response": 56, "created": "2015-11-29T15:00:44.191Z"}, "model": "home.answerbase", "pk": 250}, {"fields": {"updated": "2015-11-29T15:00:44.199Z", "question": 33, "response": 56, "created": "2015-11-29T15:00:44.199Z"}, "model": "home.answerbase", "pk": 251}, {"fields": {"updated": "2015-11-29T15:00:44.216Z", "question": 32, "response": 56, "created": "2015-11-29T15:00:44.216Z"}, "model": "home.answerbase", "pk": 253}, {"fields": {"updated": "2015-11-29T15:07:12.675Z", "question": 13, "response": 58, "created": "2015-11-29T15:07:12.675Z"}, "model": "home.answerbase", "pk": 287}, {"fields": {"updated": "2015-11-29T15:07:12.682Z", "question": 12, "response": 58, "created": "2015-11-29T15:07:12.682Z"}, "model": "home.answerbase", "pk": 288}, {"fields": {"updated": "2015-11-29T15:07:12.689Z", "question": 11, "response": 58, "created": "2015-11-29T15:07:12.689Z"}, "model": "home.answerbase", "pk": 289}, {"fields": {"updated": "2015-11-29T15:07:12.696Z", "question": 10, "response": 58, "created": "2015-11-29T15:07:12.696Z"}, "model": "home.answerbase", "pk": 290}, {"fields": {"updated": "2015-11-29T15:07:12.705Z", "question": 17, "response": 58, "created": "2015-11-29T15:07:12.705Z"}, "model": "home.answerbase", "pk": 291}, {"fields": {"updated": "2015-11-29T15:07:12.712Z", "question": 16, "response": 58, "created": "2015-11-29T15:07:12.712Z"}, "model": "home.answerbase", "pk": 292}, {"fields": {"updated": "2015-11-29T15:07:12.723Z", "question": 15, "response": 58, "created": "2015-11-29T15:07:12.723Z"}, "model": "home.answerbase", "pk": 293}, {"fields": {"updated": "2015-11-29T15:07:12.731Z", "question": 14, "response": 58, "created": "2015-11-29T15:07:12.731Z"}, "model": "home.answerbase", "pk": 294}, {"fields": {"updated": "2015-11-29T15:07:12.739Z", "question": 19, "response": 58, "created": "2015-11-29T15:07:12.739Z"}, "model": "home.answerbase", "pk": 295}, {"fields": {"updated": "2015-11-29T15:07:12.747Z", "question": 18, "response": 58, "created": "2015-11-29T15:07:12.747Z"}, "model": "home.answerbase", "pk": 296}, {"fields": {"updated": "2015-11-29T15:07:12.755Z", "question": 34, "response": 58, "created": "2015-11-29T15:07:12.755Z"}, "model": "home.answerbase", "pk": 297}, {"fields": {"updated": "2015-11-29T15:07:12.764Z", "question": 31, "response": 58, "created": "2015-11-29T15:07:12.764Z"}, "model": "home.answerbase", "pk": 298}, {"fields": {"updated": "2015-11-29T15:07:12.771Z", "question": 30, "response": 58, "created": "2015-11-29T15:07:12.771Z"}, "model": "home.answerbase", "pk": 299}, {"fields": {"updated": "2015-11-29T15:07:12.779Z", "question": 33, "response": 58, "created": "2015-11-29T15:07:12.779Z"}, "model": "home.answerbase", "pk": 300}, {"fields": {"updated": "2015-11-29T15:07:12.788Z", "question": 32, "response": 58, "created": "2015-11-29T15:07:12.788Z"}, "model": "home.answerbase", "pk": 301}, {"fields": {"updated": "2015-11-29T15:07:12.796Z", "question": 28, "response": 58, "created": "2015-11-29T15:07:12.796Z"}, "model": "home.answerbase", "pk": 302}, {"fields": {"updated": "2015-11-29T15:07:12.804Z", "question": 29, "response": 58, "created": "2015-11-29T15:07:12.804Z"}, "model": "home.answerbase", "pk": 303}, {"fields": {"updated": "2015-11-29T15:07:12.827Z", "question": 22, "response": 58, "created": "2015-11-29T15:07:12.827Z"}, "model": "home.answerbase", "pk": 306}, {"fields": {"updated": "2015-11-29T15:07:12.834Z", "question": 23, "response": 58, "created": "2015-11-29T15:07:12.834Z"}, "model": "home.answerbase", "pk": 307}, {"fields": {"updated": "2015-11-29T15:07:12.844Z", "question": 20, "response": 58, "created": "2015-11-29T15:07:12.844Z"}, "model": "home.answerbase", "pk": 308}, {"fields": {"updated": "2015-11-29T15:07:12.851Z", "question": 21, "response": 58, "created": "2015-11-29T15:07:12.851Z"}, "model": "home.answerbase", "pk": 309}, {"fields": {"updated": "2015-11-29T15:07:12.858Z", "question": 26, "response": 58, "created": "2015-11-29T15:07:12.858Z"}, "model": "home.answerbase", "pk": 310}, {"fields": {"updated": "2015-11-29T15:07:12.865Z", "question": 27, "response": 58, "created": "2015-11-29T15:07:12.865Z"}, "model": "home.answerbase", "pk": 311}, {"fields": {"updated": "2015-11-29T15:07:12.874Z", "question": 24, "response": 58, "created": "2015-11-29T15:07:12.874Z"}, "model": "home.answerbase", "pk": 312}, {"fields": {"updated": "2015-11-29T15:07:12.881Z", "question": 25, "response": 58, "created": "2015-11-29T15:07:12.881Z"}, "model": "home.answerbase", "pk": 313}, {"fields": {"updated": "2015-11-29T15:07:12.887Z", "question": 7, "response": 58, "created": "2015-11-29T15:07:12.887Z"}, "model": "home.answerbase", "pk": 314}, {"fields": {"updated": "2015-11-29T15:07:12.897Z", "question": 6, "response": 58, "created": "2015-11-29T15:07:12.897Z"}, "model": "home.answerbase", "pk": 315}, {"fields": {"updated": "2015-11-29T15:07:12.904Z", "question": 9, "response": 58, "created": "2015-11-29T15:07:12.904Z"}, "model": "home.answerbase", "pk": 316}, {"fields": {"updated": "2015-11-29T15:07:12.911Z", "question": 8, "response": 58, "created": "2015-11-29T15:07:12.911Z"}, "model": "home.answerbase", "pk": 317}, {"fields": {"updated": "2015-11-29T15:07:12.919Z", "question": 35, "response": 58, "created": "2015-11-29T15:07:12.919Z"}, "model": "home.answerbase", "pk": 318}, {"fields": {"updated": "2015-11-29T15:08:04.901Z", "question": 13, "response": 59, "created": "2015-11-29T15:08:04.901Z"}, "model": "home.answerbase", "pk": 319}, {"fields": {"updated": "2015-11-29T15:08:04.913Z", "question": 12, "response": 59, "created": "2015-11-29T15:08:04.913Z"}, "model": "home.answerbase", "pk": 320}, {"fields": {"updated": "2015-11-29T15:08:04.919Z", "question": 11, "response": 59, "created": "2015-11-29T15:08:04.919Z"}, "model": "home.answerbase", "pk": 321}, {"fields": {"updated": "2015-11-29T15:08:04.927Z", "question": 10, "response": 59, "created": "2015-11-29T15:08:04.927Z"}, "model": "home.answerbase", "pk": 322}, {"fields": {"updated": "2015-11-29T15:08:04.934Z", "question": 17, "response": 59, "created": "2015-11-29T15:08:04.934Z"}, "model": "home.answerbase", "pk": 323}, {"fields": {"updated": "2015-11-29T15:08:04.943Z", "question": 16, "response": 59, "created": "2015-11-29T15:08:04.943Z"}, "model": "home.answerbase", "pk": 324}, {"fields": {"updated": "2015-11-29T15:08:04.951Z", "question": 15, "response": 59, "created": "2015-11-29T15:08:04.951Z"}, "model": "home.answerbase", "pk": 325}, {"fields": {"updated": "2015-11-29T15:08:04.961Z", "question": 14, "response": 59, "created": "2015-11-29T15:08:04.961Z"}, "model": "home.answerbase", "pk": 326}, {"fields": {"updated": "2015-11-29T15:08:04.969Z", "question": 29, "response": 59, "created": "2015-11-29T15:08:04.969Z"}, "model": "home.answerbase", "pk": 327}, {"fields": {"updated": "2015-11-29T15:08:04.976Z", "question": 19, "response": 59, "created": "2015-11-29T15:08:04.976Z"}, "model": "home.answerbase", "pk": 328}, {"fields": {"updated": "2015-11-29T15:08:04.985Z", "question": 18, "response": 59, "created": "2015-11-29T15:08:04.985Z"}, "model": "home.answerbase", "pk": 329}, {"fields": {"updated": "2015-11-29T15:08:04.994Z", "question": 34, "response": 59, "created": "2015-11-29T15:08:04.994Z"}, "model": "home.answerbase", "pk": 330}, {"fields": {"updated": "2015-11-29T15:08:05.003Z", "question": 31, "response": 59, "created": "2015-11-29T15:08:05.003Z"}, "model": "home.answerbase", "pk": 331}, {"fields": {"updated": "2015-11-29T15:08:05.011Z", "question": 30, "response": 59, "created": "2015-11-29T15:08:05.011Z"}, "model": "home.answerbase", "pk": 332}, {"fields": {"updated": "2015-11-29T15:08:05.020Z", "question": 33, "response": 59, "created": "2015-11-29T15:08:05.020Z"}, "model": "home.answerbase", "pk": 333}, {"fields": {"updated": "2015-11-29T15:08:05.029Z", "question": 32, "response": 59, "created": "2015-11-29T15:08:05.029Z"}, "model": "home.answerbase", "pk": 334}, {"fields": {"updated": "2015-11-29T15:08:05.036Z", "question": 28, "response": 59, "created": "2015-11-29T15:08:05.036Z"}, "model": "home.answerbase", "pk": 335}, {"fields": {"updated": "2015-11-29T15:08:05.069Z", "question": 22, "response": 59, "created": "2015-11-29T15:08:05.069Z"}, "model": "home.answerbase", "pk": 339}, {"fields": {"updated": "2015-11-29T15:08:05.079Z", "question": 23, "response": 59, "created": "2015-11-29T15:08:05.079Z"}, "model": "home.answerbase", "pk": 340}, {"fields": {"updated": "2015-11-29T15:08:05.088Z", "question": 20, "response": 59, "created": "2015-11-29T15:08:05.088Z"}, "model": "home.answerbase", "pk": 341}, {"fields": {"updated": "2015-11-29T15:08:05.098Z", "question": 21, "response": 59, "created": "2015-11-29T15:08:05.098Z"}, "model": "home.answerbase", "pk": 342}, {"fields": {"updated": "2015-11-29T15:08:05.106Z", "question": 26, "response": 59, "created": "2015-11-29T15:08:05.106Z"}, "model": "home.answerbase", "pk": 343}, {"fields": {"updated": "2015-11-29T15:08:05.116Z", "question": 27, "response": 59, "created": "2015-11-29T15:08:05.116Z"}, "model": "home.answerbase", "pk": 344}, {"fields": {"updated": "2015-11-29T15:08:05.124Z", "question": 24, "response": 59, "created": "2015-11-29T15:08:05.124Z"}, "model": "home.answerbase", "pk": 345}, {"fields": {"updated": "2015-11-29T15:08:05.130Z", "question": 25, "response": 59, "created": "2015-11-29T15:08:05.130Z"}, "model": "home.answerbase", "pk": 346}, {"fields": {"updated": "2015-11-29T15:08:05.140Z", "question": 7, "response": 59, "created": "2015-11-29T15:08:05.140Z"}, "model": "home.answerbase", "pk": 347}, {"fields": {"updated": "2015-11-29T15:08:05.149Z", "question": 6, "response": 59, "created": "2015-11-29T15:08:05.149Z"}, "model": "home.answerbase", "pk": 348}, {"fields": {"updated": "2015-11-29T15:08:05.174Z", "question": 9, "response": 59, "created": "2015-11-29T15:08:05.174Z"}, "model": "home.answerbase", "pk": 349}, {"fields": {"updated": "2015-11-29T15:08:05.190Z", "question": 8, "response": 59, "created": "2015-11-29T15:08:05.190Z"}, "model": "home.answerbase", "pk": 350}, {"fields": {"updated": "2015-11-29T15:08:05.199Z", "question": 35, "response": 59, "created": "2015-11-29T15:08:05.199Z"}, "model": "home.answerbase", "pk": 351}, {"fields": {"updated": "2015-11-29T16:24:59.629Z", "question": 71, "response": 61, "created": "2015-11-29T16:24:59.628Z"}, "model": "home.answerbase", "pk": 364}, {"fields": {"updated": "2015-11-29T16:24:59.638Z", "question": 70, "response": 61, "created": "2015-11-29T16:24:59.638Z"}, "model": "home.answerbase", "pk": 365}, {"fields": {"updated": "2015-11-29T16:24:59.646Z", "question": 66, "response": 61, "created": "2015-11-29T16:24:59.646Z"}, "model": "home.answerbase", "pk": 366}, {"fields": {"updated": "2015-11-29T16:24:59.655Z", "question": 67, "response": 61, "created": "2015-11-29T16:24:59.655Z"}, "model": "home.answerbase", "pk": 367}, {"fields": {"updated": "2015-11-29T16:24:59.661Z", "question": 73, "response": 61, "created": "2015-11-29T16:24:59.661Z"}, "model": "home.answerbase", "pk": 368}, {"fields": {"updated": "2015-11-29T16:24:59.668Z", "question": 72, "response": 61, "created": "2015-11-29T16:24:59.668Z"}, "model": "home.answerbase", "pk": 369}, {"fields": {"updated": "2015-11-29T16:24:59.676Z", "question": 75, "response": 61, "created": "2015-11-29T16:24:59.676Z"}, "model": "home.answerbase", "pk": 370}, {"fields": {"updated": "2015-11-29T16:24:59.683Z", "question": 74, "response": 61, "created": "2015-11-29T16:24:59.683Z"}, "model": "home.answerbase", "pk": 371}, {"fields": {"updated": "2015-11-29T16:24:59.690Z", "question": 77, "response": 61, "created": "2015-11-29T16:24:59.690Z"}, "model": "home.answerbase", "pk": 372}, {"fields": {"updated": "2015-11-29T16:24:59.697Z", "question": 76, "response": 61, "created": "2015-11-29T16:24:59.697Z"}, "model": "home.answerbase", "pk": 373}, {"fields": {"updated": "2015-11-29T16:24:59.728Z", "question": 68, "response": 61, "created": "2015-11-29T16:24:59.728Z"}, "model": "home.answerbase", "pk": 374}, {"fields": {"updated": "2015-11-29T16:24:59.735Z", "question": 69, "response": 61, "created": "2015-11-29T16:24:59.735Z"}, "model": "home.answerbase", "pk": 375}, {"fields": {"updated": "2015-11-29T16:25:36.751Z", "question": 71, "response": 62, "created": "2015-11-29T16:25:36.751Z"}, "model": "home.answerbase", "pk": 376}, {"fields": {"updated": "2015-11-29T16:25:36.757Z", "question": 70, "response": 62, "created": "2015-11-29T16:25:36.757Z"}, "model": "home.answerbase", "pk": 377}, {"fields": {"updated": "2015-11-29T16:25:36.765Z", "question": 66, "response": 62, "created": "2015-11-29T16:25:36.765Z"}, "model": "home.answerbase", "pk": 378}, {"fields": {"updated": "2015-11-29T16:25:36.772Z", "question": 67, "response": 62, "created": "2015-11-29T16:25:36.772Z"}, "model": "home.answerbase", "pk": 379}, {"fields": {"updated": "2015-11-29T16:25:36.780Z", "question": 73, "response": 62, "created": "2015-11-29T16:25:36.780Z"}, "model": "home.answerbase", "pk": 380}, {"fields": {"updated": "2015-11-29T16:25:36.787Z", "question": 72, "response": 62, "created": "2015-11-29T16:25:36.787Z"}, "model": "home.answerbase", "pk": 381}, {"fields": {"updated": "2015-11-29T16:25:36.796Z", "question": 75, "response": 62, "created": "2015-11-29T16:25:36.796Z"}, "model": "home.answerbase", "pk": 382}, {"fields": {"updated": "2015-11-29T16:25:36.803Z", "question": 74, "response": 62, "created": "2015-11-29T16:25:36.803Z"}, "model": "home.answerbase", "pk": 383}, {"fields": {"updated": "2015-11-29T16:25:36.812Z", "question": 77, "response": 62, "created": "2015-11-29T16:25:36.812Z"}, "model": "home.answerbase", "pk": 384}, {"fields": {"updated": "2015-11-29T16:25:36.819Z", "question": 76, "response": 62, "created": "2015-11-29T16:25:36.818Z"}, "model": "home.answerbase", "pk": 385}, {"fields": {"updated": "2015-11-29T16:25:36.826Z", "question": 68, "response": 62, "created": "2015-11-29T16:25:36.825Z"}, "model": "home.answerbase", "pk": 386}, {"fields": {"updated": "2015-11-29T16:25:36.832Z", "question": 69, "response": 62, "created": "2015-11-29T16:25:36.832Z"}, "model": "home.answerbase", "pk": 387}, {"fields": {"updated": "2015-11-29T16:26:03.803Z", "question": 71, "response": 63, "created": "2015-11-29T16:26:03.803Z"}, "model": "home.answerbase", "pk": 388}, {"fields": {"updated": "2015-11-29T16:26:03.812Z", "question": 70, "response": 63, "created": "2015-11-29T16:26:03.812Z"}, "model": "home.answerbase", "pk": 389}, {"fields": {"updated": "2015-11-29T16:26:03.818Z", "question": 66, "response": 63, "created": "2015-11-29T16:26:03.818Z"}, "model": "home.answerbase", "pk": 390}, {"fields": {"updated": "2015-11-29T16:26:03.824Z", "question": 67, "response": 63, "created": "2015-11-29T16:26:03.824Z"}, "model": "home.answerbase", "pk": 391}, {"fields": {"updated": "2015-11-29T16:26:03.831Z", "question": 73, "response": 63, "created": "2015-11-29T16:26:03.831Z"}, "model": "home.answerbase", "pk": 392}, {"fields": {"updated": "2015-11-29T16:26:03.838Z", "question": 72, "response": 63, "created": "2015-11-29T16:26:03.838Z"}, "model": "home.answerbase", "pk": 393}, {"fields": {"updated": "2015-11-29T16:26:03.880Z", "question": 75, "response": 63, "created": "2015-11-29T16:26:03.880Z"}, "model": "home.answerbase", "pk": 394}, {"fields": {"updated": "2015-11-29T16:26:03.887Z", "question": 74, "response": 63, "created": "2015-11-29T16:26:03.887Z"}, "model": "home.answerbase", "pk": 395}, {"fields": {"updated": "2015-11-29T16:26:03.893Z", "question": 77, "response": 63, "created": "2015-11-29T16:26:03.893Z"}, "model": "home.answerbase", "pk": 396}, {"fields": {"updated": "2015-11-29T16:26:03.899Z", "question": 76, "response": 63, "created": "2015-11-29T16:26:03.899Z"}, "model": "home.answerbase", "pk": 397}, {"fields": {"updated": "2015-11-29T16:26:03.910Z", "question": 68, "response": 63, "created": "2015-11-29T16:26:03.910Z"}, "model": "home.answerbase", "pk": 398}, {"fields": {"updated": "2015-11-29T16:26:03.916Z", "question": 69, "response": 63, "created": "2015-11-29T16:26:03.916Z"}, "model": "home.answerbase", "pk": 399}, {"fields": {"body": "Partially Disagree"}, "model": "home.answerradio", "pk": 117}, {"fields": {"body": "Partially Agree"}, "model": "home.answerradio", "pk": 118}, {"fields": {"body": "Partially Agree"}, "model": "home.answerradio", "pk": 119}, {"fields": {"body": "Partially Disagree"}, "model": "home.answerradio", "pk": 120}, {"fields": {"body": "Agree"}, "model": "home.answerradio", "pk": 125}, {"fields": {"body": "Partially Agree"}, "model": "home.answerradio", "pk": 126}, {"fields": {"body": "Partially Agree"}, "model": "home.answerradio", "pk": 127}, {"fields": {"body": "Agree"}, "model": "home.answerradio", "pk": 128}, {"fields": {"body": "Agree"}, "model": "home.answerradio", "pk": 129}, {"fields": {"body": "Agree"}, "model": "home.answerradio", "pk": 130}, {"fields": {"body": "Disagree"}, "model": "home.answerradio", "pk": 131}, {"fields": {"body": "Agree"}, "model": "home.answerradio", "pk": 132}, {"fields": {"body": "Agree"}, "model": "home.answerradio", "pk": 226}, {"fields": {"body": "Agree"}, "model": "home.answerradio", "pk": 227}, {"fields": {"body": "Partially Disagree"}, "model": "home.answerradio", "pk": 228}, {"fields": {"body": "Partially Disagree"}, "model": "home.answerradio", "pk": 230}, {"fields": {"body": "Partially Disagree"}, "model": "home.answerradio", "pk": 244}, {"fields": {"body": "Partially Agree"}, "model": "home.answerradio", "pk": 245}, {"fields": {"body": "Partially Agree"}, "model": "home.answerradio", "pk": 246}, {"fields": {"body": "Partially Agree"}, "model": "home.answerradio", "pk": 248}, {"fields": {"body": "No Answer"}, "model": "home.answerradio", "pk": 249}, {"fields": {"body": "Partially Disagree"}, "model": "home.answerradio", "pk": 250}, {"fields": {"body": "Disagree"}, "model": "home.answerradio", "pk": 251}, {"fields": {"body": "Disagree"}, "model": "home.answerradio", "pk": 253}, {"fields": {"body": "Agree"}, "model": "home.answerradio", "pk": 287}, {"fields": {"body": "Agree"}, "model": "home.answerradio", "pk": 288}, {"fields": {"body": "Agree"}, "model": "home.answerradio", "pk": 289}, {"fields": {"body": "Agree"}, "model": "home.answerradio", "pk": 290}, {"fields": {"body": "Agree"}, "model": "home.answerradio", "pk": 291}, {"fields": {"body": "Agree"}, "model": "home.answerradio", "pk": 292}, {"fields": {"body": "Agree"}, "model": "home.answerradio", "pk": 293}, {"fields": {"body": "Agree"}, "model": "home.answerradio", "pk": 294}, {"fields": {"body": "Agree"}, "model": "home.answerradio", "pk": 295}, {"fields": {"body": "Agree"}, "model": "home.answerradio", "pk": 296}, {"fields": {"body": "Agree"}, "model": "home.answerradio", "pk": 297}, {"fields": {"body": "Agree"}, "model": "home.answerradio", "pk": 298}, {"fields": {"body": "Agree"}, "model": "home.answerradio", "pk": 299}, {"fields": {"body": "Agree"}, "model": "home.answerradio", "pk": 300}, {"fields": {"body": "Agree"}, "model": "home.answerradio", "pk": 301}, {"fields": {"body": "Agree"}, "model": "home.answerradio", "pk": 302}, {"fields": {"body": "Agree"}, "model": "home.answerradio", "pk": 303}, {"fields": {"body": "Agree"}, "model": "home.answerradio", "pk": 306}, {"fields": {"body": "Agree"}, "model": "home.answerradio", "pk": 307}, {"fields": {"body": "Agree"}, "model": "home.answerradio", "pk": 308}, {"fields": {"body": "Agree"}, "model": "home.answerradio", "pk": 309}, {"fields": {"body": "Agree"}, "model": "home.answerradio", "pk": 310}, {"fields": {"body": "Agree"}, "model": "home.answerradio", "pk": 311}, {"fields": {"body": "Agree"}, "model": "home.answerradio", "pk": 312}, {"fields": {"body": "Agree"}, "model": "home.answerradio", "pk": 313}, {"fields": {"body": "Agree"}, "model": "home.answerradio", "pk": 314}, {"fields": {"body": "Agree"}, "model": "home.answerradio", "pk": 315}, {"fields": {"body": "Agree"}, "model": "home.answerradio", "pk": 316}, {"fields": {"body": "Agree"}, "model": "home.answerradio", "pk": 317}, {"fields": {"body": "Agree"}, "model": "home.answerradio", "pk": 318}, {"fields": {"body": "Partially Disagree"}, "model": "home.answerradio", "pk": 319}, {"fields": {"body": "No Answer"}, "model": "home.answerradio", "pk": 320}, {"fields": {"body": "Agree"}, "model": "home.answerradio", "pk": 321}, {"fields": {"body": "Agree"}, "model": "home.answerradio", "pk": 322}, {"fields": {"body": "Partially Agree"}, "model": "home.answerradio", "pk": 323}, {"fields": {"body": "Partially Disagree"}, "model": "home.answerradio", "pk": 324}, {"fields": {"body": "No Answer"}, "model": "home.answerradio", "pk": 325}, {"fields": {"body": "No Answer"}, "model": "home.answerradio", "pk": 326}, {"fields": {"body": "Partially Agree"}, "model": "home.answerradio", "pk": 327}, {"fields": {"body": "Agree"}, "model": "home.answerradio", "pk": 328}, {"fields": {"body": "No Answer"}, "model": "home.answerradio", "pk": 329}, {"fields": {"body": "Agree"}, "model": "home.answerradio", "pk": 330}, {"fields": {"body": "Partially Disagree"}, "model": "home.answerradio", "pk": 331}, {"fields": {"body": "No Answer"}, "model": "home.answerradio", "pk": 332}, {"fields": {"body": "Agree"}, "model": "home.answerradio", "pk": 333}, {"fields": {"body": "Disagree"}, "model": "home.answerradio", "pk": 334}, {"fields": {"body": "Partially Disagree"}, "model": "home.answerradio", "pk": 335}, {"fields": {"body": "Agree"}, "model": "home.answerradio", "pk": 339}, {"fields": {"body": "No Answer"}, "model": "home.answerradio", "pk": 340}, {"fields": {"body": "Agree"}, "model": "home.answerradio", "pk": 341}, {"fields": {"body": "Agree"}, "model": "home.answerradio", "pk": 342}, {"fields": {"body": "Partially Disagree"}, "model": "home.answerradio", "pk": 343}, {"fields": {"body": "No Answer"}, "model": "home.answerradio", "pk": 344}, {"fields": {"body": "No Answer"}, "model": "home.answerradio", "pk": 345}, {"fields": {"body": "Partially Agree"}, "model": "home.answerradio", "pk": 346}, {"fields": {"body": "Agree"}, "model": "home.answerradio", "pk": 347}, {"fields": {"body": "Agree"}, "model": "home.answerradio", "pk": 348}, {"fields": {"body": "Agree"}, "model": "home.answerradio", "pk": 349}, {"fields": {"body": "Agree"}, "model": "home.answerradio", "pk": 350}, {"fields": {"body": "Disagree"}, "model": "home.answerradio", "pk": 351}, {"fields": {"body": "Agree"}, "model": "home.answerradio", "pk": 364}, {"fields": {"body": "Agree"}, "model": "home.answerradio", "pk": 365}, {"fields": {"body": "Agree"}, "model": "home.answerradio", "pk": 366}, {"fields": {"body": "Agree"}, "model": "home.answerradio", "pk": 367}, {"fields": {"body": "Agree"}, "model": "home.answerradio", "pk": 368}, {"fields": {"body": "Agree"}, "model": "home.answerradio", "pk": 369}, {"fields": {"body": "Agree"}, "model": "home.answerradio", "pk": 370}, {"fields": {"body": "Agree"}, "model": "home.answerradio", "pk": 371}, {"fields": {"body": "Agree"}, "model": "home.answerradio", "pk": 372}, {"fields": {"body": "Agree"}, "model": "home.answerradio", "pk": 373}, {"fields": {"body": "Agree"}, "model": "home.answerradio", "pk": 374}, {"fields": {"body": "Agree"}, "model": "home.answerradio", "pk": 375}, {"fields": {"body": "Agree"}, "model": "home.answerradio", "pk": 376}, {"fields": {"body": "Disagree"}, "model": "home.answerradio", "pk": 377}, {"fields": {"body": "Partially Disagree"}, "model": "home.answerradio", "pk": 378}, {"fields": {"body": "Partially Disagree"}, "model": "home.answerradio", "pk": 379}, {"fields": {"body": "No Answer"}, "model": "home.answerradio", "pk": 380}, {"fields": {"body": "Agree"}, "model": "home.answerradio", "pk": 381}, {"fields": {"body": "Agree"}, "model": "home.answerradio", "pk": 382}, {"fields": {"body": "Agree"}, "model": "home.answerradio", "pk": 383}, {"fields": {"body": "Disagree"}, "model": "home.answerradio", "pk": 384}, {"fields": {"body": "Agree"}, "model": "home.answerradio", "pk": 385}, {"fields": {"body": "Partially Agree"}, "model": "home.answerradio", "pk": 386}, {"fields": {"body": "Disagree"}, "model": "home.answerradio", "pk": 387}, {"fields": {"body": "Agree"}, "model": "home.answerradio", "pk": 388}, {"fields": {"body": "No Answer"}, "model": "home.answerradio", "pk": 389}, {"fields": {"body": "No Answer"}, "model": "home.answerradio", "pk": 390}, {"fields": {"body": "No Answer"}, "model": "home.answerradio", "pk": 391}, {"fields": {"body": "No Answer"}, "model": "home.answerradio", "pk": 392}, {"fields": {"body": "Agree"}, "model": "home.answerradio", "pk": 393}, {"fields": {"body": "Partially Disagree"}, "model": "home.answerradio", "pk": 394}, {"fields": {"body": "No Answer"}, "model": "home.answerradio", "pk": 395}, {"fields": {"body": "No Answer"}, "model": "home.answerradio", "pk": 396}, {"fields": {"body": "Partially Disagree"}, "model": "home.answerradio", "pk": 397}, {"fields": {"body": "No Answer"}, "model": "home.answerradio", "pk": 398}, {"fields": {"body": "No Answer"}, "model": "home.answerradio", "pk": 399}, {"fields": {"codename": "add_logentry", "name": "Can add log entry", "content_type": 1}, "model": "auth.permission", "pk": 1}, {"fields": {"codename": "change_logentry", "name": "Can change log entry", "content_type": 1}, "model": "auth.permission", "pk": 2}, {"fields": {"codename": "delete_logentry", "name": "Can delete log entry", "content_type": 1}, "model": "auth.permission", "pk": 3}, {"fields": {"codename": "add_permission", "name": "Can add permission", "content_type": 2}, "model": "auth.permission", "pk": 4}, {"fields": {"codename": "change_permission", "name": "Can change permission", "content_type": 2}, "model": "auth.permission", "pk": 5}, {"fields": {"codename": "delete_permission", "name": "Can delete permission", "content_type": 2}, "model": "auth.permission", "pk": 6}, {"fields": {"codename": "add_group", "name": "Can add group", "content_type": 3}, "model": "auth.permission", "pk": 7}, {"fields": {"codename": "change_group", "name": "Can change group", "content_type": 3}, "model": "auth.permission", "pk": 8}, {"fields": {"codename": "delete_group", "name": "Can delete group", "content_type": 3}, "model": "auth.permission", "pk": 9}, {"fields": {"codename": "add_user", "name": "Can add user", "content_type": 4}, "model": "auth.permission", "pk": 10}, {"fields": {"codename": "change_user", "name": "Can change user", "content_type": 4}, "model": "auth.permission", "pk": 11}, {"fields": {"codename": "delete_user", "name": "Can delete user", "content_type": 4}, "model": "auth.permission", "pk": 12}, {"fields": {"codename": "add_contenttype", "name": "Can add content type", "content_type": 5}, "model": "auth.permission", "pk": 13}, {"fields": {"codename": "change_contenttype", "name": "Can change content type", "content_type": 5}, "model": "auth.permission", "pk": 14}, {"fields": {"codename": "delete_contenttype", "name": "Can delete content type", "content_type": 5}, "model": "auth.permission", "pk": 15}, {"fields": {"codename": "add_session", "name": "Can add session", "content_type": 6}, "model": "auth.permission", "pk": 16}, {"fields": {"codename": "change_session", "name": "Can change session", "content_type": 6}, "model": "auth.permission", "pk": 17}, {"fields": {"codename": "delete_session", "name": "Can delete session", "content_type": 6}, "model": "auth.permission", "pk": 18}, {"fields": {"codename": "add_userprofile", "name": "Can add user profile", "content_type": 7}, "model": "auth.permission", "pk": 19}, {"fields": {"codename": "change_userprofile", "name": "Can change user profile", "content_type": 7}, "model": "auth.permission", "pk": 20}, {"fields": {"codename": "delete_userprofile", "name": "Can delete user profile", "content_type": 7}, "model": "auth.permission", "pk": 21}, {"fields": {"codename": "add_question", "name": "Can add question", "content_type": 8}, "model": "auth.permission", "pk": 22}, {"fields": {"codename": "change_question", "name": "Can change question", "content_type": 8}, "model": "auth.permission", "pk": 23}, {"fields": {"codename": "delete_question", "name": "Can delete question", "content_type": 8}, "model": "auth.permission", "pk": 24}, {"fields": {"codename": "add_choice", "name": "Can add choice", "content_type": 9}, "model": "auth.permission", "pk": 25}, {"fields": {"codename": "change_choice", "name": "Can change choice", "content_type": 9}, "model": "auth.permission", "pk": 26}, {"fields": {"codename": "delete_choice", "name": "Can delete choice", "content_type": 9}, "model": "auth.permission", "pk": 27}, {"fields": {"codename": "add_question", "name": "Can add question", "content_type": 16}, "model": "auth.permission", "pk": 46}, {"fields": {"codename": "change_question", "name": "Can change question", "content_type": 16}, "model": "auth.permission", "pk": 47}, {"fields": {"codename": "delete_question", "name": "Can delete question", "content_type": 16}, "model": "auth.permission", "pk": 48}, {"fields": {"codename": "add_category", "name": "Can add category", "content_type": 17}, "model": "auth.permission", "pk": 49}, {"fields": {"codename": "change_category", "name": "Can change category", "content_type": 17}, "model": "auth.permission", "pk": 50}, {"fields": {"codename": "delete_category", "name": "Can delete category", "content_type": 17}, "model": "auth.permission", "pk": 51}, {"fields": {"codename": "add_survey", "name": "Can add survey", "content_type": 18}, "model": "auth.permission", "pk": 52}, {"fields": {"codename": "change_survey", "name": "Can change survey", "content_type": 18}, "model": "auth.permission", "pk": 53}, {"fields": {"codename": "delete_survey", "name": "Can delete survey", "content_type": 18}, "model": "auth.permission", "pk": 54}, {"fields": {"codename": "add_response", "name": "Can add response", "content_type": 19}, "model": "auth.permission", "pk": 55}, {"fields": {"codename": "change_response", "name": "Can change response", "content_type": 19}, "model": "auth.permission", "pk": 56}, {"fields": {"codename": "delete_response", "name": "Can delete response", "content_type": 19}, "model": "auth.permission", "pk": 57}, {"fields": {"codename": "add_answerbase", "name": "Can add answer base", "content_type": 20}, "model": "auth.permission", "pk": 58}, {"fields": {"codename": "change_answerbase", "name": "Can change answer base", "content_type": 20}, "model": "auth.permission", "pk": 59}, {"fields": {"codename": "delete_answerbase", "name": "Can delete answer base", "content_type": 20}, "model": "auth.permission", "pk": 60}, {"fields": {"codename": "add_answerradio", "name": "Can add answer radio", "content_type": 21}, "model": "auth.permission", "pk": 61}, {"fields": {"codename": "change_answerradio", "name": "Can change answer radio", "content_type": 21}, "model": "auth.permission", "pk": 62}, {"fields": {"codename": "delete_answerradio", "name": "Can delete answer radio", "content_type": 21}, "model": "auth.permission", "pk": 63}, {"fields": {"codename": "add_answerselect", "name": "Can add answer select", "content_type": 22}, "model": "auth.permission", "pk": 64}, {"fields": {"codename": "change_answerselect", "name": "Can change answer select", "content_type": 22}, "model": "auth.permission", "pk": 65}, {"fields": {"codename": "delete_answerselect", "name": "Can delete answer select", "content_type": 22}, "model": "auth.permission", "pk": 66}, {"fields": {"codename": "add_customquestion", "name": "Can add custom question", "content_type": 25}, "model": "auth.permission", "pk": 73}, {"fields": {"codename": "change_customquestion", "name": "Can change custom question", "content_type": 25}, "model": "auth.permission", "pk": 74}, {"fields": {"codename": "delete_customquestion", "name": "Can delete custom question", "content_type": 25}, "model": "auth.permission", "pk": 75}, {"fields": {"codename": "add_askbase", "name": "Can add ask base", "content_type": 26}, "model": "auth.permission", "pk": 76}, {"fields": {"codename": "change_askbase", "name": "Can change ask base", "content_type": 26}, "model": "auth.permission", "pk": 77}, {"fields": {"codename": "delete_askbase", "name": "Can delete ask base", "content_type": 26}, "model": "auth.permission", "pk": 78}, {"fields": {"name": "Candidate", "permissions": []}, "model": "auth.group", "pk": 1}, {"fields": {"name": "Voter", "permissions": []}, "model": "auth.group", "pk": 2}, {"fields": {"username": "adrian", "first_name": "Adrian", "last_name": "Haenni", "is_active": true, "is_superuser": true, "is_staff": true, "last_login": "2015-11-30T13:23:11.018Z", "groups": [2], "user_permissions": [], "password": "pbkdf2_sha256$20000$wDexATcistqh$YSgUzx0z5k2X1+LLL/j9PFrQ4nnVlaKzeovujX+cemE=", "email": "adrian.haenni@gmail.com", "date_joined": "2015-10-30T13:14:01Z"}, "model": "auth.user", "pk": 1}, {"fields": {"username": "TestUser", "first_name": "TestUser", "last_name": "TestUser", "is_active": true, "is_superuser": true, "is_staff": true, "last_login": "2015-11-28T20:55:55.542Z", "groups": [2], "user_permissions": [], "password": "pbkdf2_sha256$20000$i9BjIZlhyxyn$zBB6ltdxmwcQqhT8G86xuNz+CM8e7H1CXcTT9TcirUM=", "email": "TestUser@TestUser.com", "date_joined": "2015-11-26T22:23:12Z"}, "model": "auth.user", "pk": 9}, {"fields": {"username": "CandidateA", "first_name": "John", "last_name": "Doe", "is_active": true, "is_superuser": false, "is_staff": false, "last_login": "2015-11-29T16:24:43.735Z", "groups": [1], "user_permissions": [], "password": "pbkdf2_sha256$20000$oMdudc28gOtm$6465jbKP3YoI355p7k64dDgcVHqCA6REPmHWEyzRYyw=", "email": "CandidateA@CandidateA.com", "date_joined": "2015-11-26T22:28:26Z"}, "model": "auth.user", "pk": 10}, {"fields": {"username": "CandidateB", "first_name": "Hans", "last_name": "Muster", "is_active": true, "is_superuser": false, "is_staff": false, "last_login": "2015-11-29T16:25:16.539Z", "groups": [1], "user_permissions": [], "password": "pbkdf2_sha256$20000$HM1ERSGj50N2$YZW/CfmITZwPVedfzglJvjs80QGVffxPrulzElWUoKs=", "email": "CandidateB@CandidateB.com", "date_joined": "2015-11-26T22:29:08Z"}, "model": "auth.user", "pk": 11}, {"fields": {"username": "CandidateC", "first_name": "Max", "last_name": "Mustermann", "is_active": true, "is_superuser": false, "is_staff": false, "last_login": "2015-11-29T16:42:21.494Z", "groups": [1], "user_permissions": [], "password": "pbkdf2_sha256$20000$JRHeaRNMNVgD$Z72NP36yatmYAMV8rLqiCfInXSvymVKMAWL1skiUUOk=", "email": "CandidateC@CandidateC.com", "date_joined": "2015-11-26T22:29:43Z"}, "model": "auth.user", "pk": 12}, {"fields": {"username": "VoterA", "first_name": "VoterA", "last_name": "VoterA", "is_active": true, "is_superuser": false, "is_staff": false, "last_login": "2015-11-29T10:22:40.350Z", "groups": [2], "user_permissions": [], "password": "pbkdf2_sha256$20000$rV1p1oJITgUI$oYuzmAoafwibIyYMJ+hnzpzelPTUA/TrrAT0XmjIc/g=", "email": "VoterA@VoterA.com", "date_joined": "2015-11-29T01:19:31Z"}, "model": "auth.user", "pk": 14}, {"fields": {"username": "VoterB", "first_name": "", "last_name": "", "is_active": true, "is_superuser": false, "is_staff": false, "last_login": "2015-11-29T13:34:26.820Z", "groups": [2], "user_permissions": [], "password": "pbkdf2_sha256$20000$NzalednPMX7v$puBHMOawNh6ti3p9+H0JbPmdF7UlTUMWoNeMB2dapaY=", "email": "sxsx@cscd.com", "date_joined": "2015-11-29T13:34:15.683Z"}, "model": "auth.user", "pk": 15}, {"fields": {"username": "VoterC", "first_name": "Hans", "last_name": "Gans", "is_active": true, "is_superuser": false, "is_staff": false, "last_login": "2015-11-29T15:00:13.205Z", "groups": [2], "user_permissions": [], "password": "pbkdf2_sha256$20000$0tEZqLaH2gwO$vxvTH+PyXuIB1HC2Pvx+2timANXUXa4MPzHoG/ybRAY=", "email": "hans@gans.com", "date_joined": "2015-11-29T14:53:36.997Z"}, "model": "auth.user", "pk": 16}, {"fields": {"updated": "2015-11-26T22:26:43.012Z", "interview_uuid": "3376a8d5fbf846a595158a90ccb862db", "survey": 1, "user": 9, "created": "2015-11-26T22:26:43.012Z"}, "model": "home.response", "pk": 29}, {"fields": {"updated": "2015-11-26T22:29:22.138Z", "interview_uuid": "52ade875f42f41dba93da180bb8552ba", "survey": 1, "user": 11, "created": "2015-11-26T22:29:22.138Z"}, "model": "home.response", "pk": 31}, {"fields": {"updated": "2015-11-26T22:29:59.066Z", "interview_uuid": "b094c2d348c845fb8d188506076d28c1", "survey": 1, "user": 12, "created": "2015-11-26T22:29:59.066Z"}, "model": "home.response", "pk": 32}, {"fields": {"updated": "2015-11-29T01:35:22.462Z", "interview_uuid": "0ee78ef54cc344ecac940da251ef569f", "survey": 1, "user": 14, "created": "2015-11-29T01:35:22.462Z"}, "model": "home.response", "pk": 52}, {"fields": {"updated": "2015-11-29T13:34:47.436Z", "interview_uuid": "9ad7048b62fd436084dff1d848594bfd", "survey": 1, "user": 15, "created": "2015-11-29T13:34:47.435Z"}, "model": "home.response", "pk": 55}, {"fields": {"updated": "2015-11-29T15:00:44.073Z", "interview_uuid": "29121fbabcb54d7f9f1f3fed74cdeceb", "survey": 1, "user": 16, "created": "2015-11-29T15:00:44.073Z"}, "model": "home.response", "pk": 56}, {"fields": {"updated": "2015-11-29T15:07:12.654Z", "interview_uuid": "04146b5859c9459aa4d56334152d4fef", "survey": 1, "user": 10, "created": "2015-11-29T15:07:12.654Z"}, "model": "home.response", "pk": 58}, {"fields": {"updated": "2015-11-29T15:08:04.885Z", "interview_uuid": "a7bc48d3cac4458fa7278347ae1e17a8", "survey": 1, "user": 1, "created": "2015-11-29T15:08:04.885Z"}, "model": "home.response", "pk": 59}, {"fields": {"updated": "2015-11-29T16:24:59.620Z", "interview_uuid": "07994b300159461aa0e5e44b37bddd6f", "survey": 2, "user": 10, "created": "2015-11-29T16:24:59.620Z"}, "model": "home.response", "pk": 61}, {"fields": {"updated": "2015-11-29T16:25:36.741Z", "interview_uuid": "1f72aab34eab463986dae4c3e636bd4a", "survey": 2, "user": 11, "created": "2015-11-29T16:25:36.741Z"}, "model": "home.response", "pk": 62}, {"fields": {"updated": "2015-11-29T16:26:03.796Z", "interview_uuid": "d40d1436ad4347b19bc10c68d6afd4cd", "survey": 2, "user": 1, "created": "2015-11-29T16:26:03.796Z"}, "model": "home.response", "pk": 63}, {"fields": {"picture": "", "user": 9}, "model": "home.userprofile", "pk": 8}, {"fields": {"picture": "", "user": 10}, "model": "home.userprofile", "pk": 9}, {"fields": {"picture": "", "user": 11}, "model": "home.userprofile", "pk": 10}, {"fields": {"picture": "", "user": 12}, "model": "home.userprofile", "pk": 11}, {"fields": {"picture": "", "user": 14}, "model": "home.userprofile", "pk": 13}, {"fields": {"picture": "", "user": 15}, "model": "home.userprofile", "pk": 14}, {"fields": {"picture": "profile_images/boy-512.png", "user": 16}, "model": "home.userprofile", "pk": 15}, {"fields": {"action_flag": 2, "action_time": "2015-10-30T14:19:55.532Z", "object_repr": "adrian", "object_id": "1", "change_message": "Changed first_name and last_name.", "user": 1, "content_type": 4}, "model": "admin.logentry", "pk": 1}, {"fields": {"action_flag": 2, "action_time": "2015-10-30T14:20:32.071Z", "object_repr": "adrian", "object_id": "1", "change_message": "No fields changed.", "user": 1, "content_type": 4}, "model": "admin.logentry", "pk": 2}, {"fields": {"action_flag": 3, "action_time": "2015-10-30T16:01:37.404Z", "object_repr": "testuser", "object_id": "2", "change_message": "", "user": 1, "content_type": 4}, "model": "admin.logentry", "pk": 3}, {"fields": {"action_flag": 3, "action_time": "2015-10-30T16:01:37.409Z", "object_repr": "user2", "object_id": "3", "change_message": "", "user": 1, "content_type": 4}, "model": "admin.logentry", "pk": 4}, {"fields": {"action_flag": 1, "action_time": "2015-10-30T16:45:43.279Z", "object_repr": "Candidates", "object_id": "1", "change_message": "", "user": 1, "content_type": 3}, "model": "admin.logentry", "pk": 5}, {"fields": {"action_flag": 1, "action_time": "2015-10-30T16:45:58.950Z", "object_repr": "User", "object_id": "2", "change_message": "", "user": 1, "content_type": 3}, "model": "admin.logentry", "pk": 6}, {"fields": {"action_flag": 2, "action_time": "2015-10-30T16:46:05.343Z", "object_repr": "Candidate", "object_id": "1", "change_message": "Changed name.", "user": 1, "content_type": 3}, "model": "admin.logentry", "pk": 7}, {"fields": {"action_flag": 3, "action_time": "2015-10-30T17:07:50.109Z", "object_repr": "Candidate", "object_id": "4", "change_message": "", "user": 1, "content_type": 4}, "model": "admin.logentry", "pk": 8}, {"fields": {"action_flag": 3, "action_time": "2015-10-30T17:07:50.155Z", "object_repr": "Test", "object_id": "5", "change_message": "", "user": 1, "content_type": 4}, "model": "admin.logentry", "pk": 9}, {"fields": {"action_flag": 1, "action_time": "2015-11-01T18:23:12.647Z", "object_repr": "Do you like this test question?", "object_id": "1", "change_message": "", "user": 1, "content_type": 16}, "model": "admin.logentry", "pk": 10}, {"fields": {"action_flag": 2, "action_time": "2015-11-01T18:23:17.331Z", "object_repr": "Do you like this test question?", "object_id": "1", "change_message": "No fields changed.", "user": 1, "content_type": 16}, "model": "admin.logentry", "pk": 11}, {"fields": {"action_flag": 2, "action_time": "2015-11-01T18:43:39.748Z", "object_repr": "Do you like this test question?", "object_id": "1", "change_message": "No fields changed.", "user": 1, "content_type": 16}, "model": "admin.logentry", "pk": 12}, {"fields": {"action_flag": 1, "action_time": "2015-11-01T22:47:48.874Z", "object_repr": "Do you support a raise in the retirement age for both women and men (e.g. to 67)?", "object_id": "2", "change_message": "", "user": 1, "content_type": 16}, "model": "admin.logentry", "pk": 13}, {"fields": {"action_flag": 1, "action_time": "2015-11-01T22:48:23.134Z", "object_repr": "Would you agree to an increase in the minimum deductible relating to the compulsory basic health insurance scheme (KVG) from CHF 300 to CHF 500?", "object_id": "3", "change_message": "", "user": 1, "content_type": 16}, "model": "admin.logentry", "pk": 14}, {"fields": {"action_flag": 1, "action_time": "2015-11-01T22:48:48.007Z", "object_repr": "Should the naturalisation process for third-generation foreigners be simplified?", "object_id": "4", "change_message": "", "user": 1, "content_type": 16}, "model": "admin.logentry", "pk": 15}, {"fields": {"action_flag": 1, "action_time": "2015-11-01T22:49:13.346Z", "object_repr": "Should the consumption of cannabis as well as its possession for personal use be legalised?", "object_id": "5", "change_message": "", "user": 1, "content_type": 16}, "model": "admin.logentry", "pk": 16}, {"fields": {"action_flag": 3, "action_time": "2015-11-02T11:13:04.474Z", "object_repr": "Bla", "object_id": "6", "change_message": "", "user": 1, "content_type": 4}, "model": "admin.logentry", "pk": 17}, {"fields": {"action_flag": 3, "action_time": "2015-11-02T11:13:24.646Z", "object_repr": "test", "object_id": "7", "change_message": "", "user": 1, "content_type": 4}, "model": "admin.logentry", "pk": 18}, {"fields": {"action_flag": 1, "action_time": "2015-11-22T12:14:59.362Z", "object_repr": "Category object", "object_id": "1", "change_message": "", "user": 1, "content_type": 17}, "model": "admin.logentry", "pk": 19}, {"fields": {"action_flag": 1, "action_time": "2015-11-22T12:15:14.497Z", "object_repr": "Category object", "object_id": "2", "change_message": "", "user": 1, "content_type": 17}, "model": "admin.logentry", "pk": 20}, {"fields": {"action_flag": 1, "action_time": "2015-11-22T12:15:29.643Z", "object_repr": "Category object", "object_id": "3", "change_message": "", "user": 1, "content_type": 17}, "model": "admin.logentry", "pk": 21}, {"fields": {"action_flag": 1, "action_time": "2015-11-22T12:15:45.812Z", "object_repr": "Category object", "object_id": "4", "change_message": "", "user": 1, "content_type": 17}, "model": "admin.logentry", "pk": 22}, {"fields": {"action_flag": 1, "action_time": "2015-11-22T12:16:03.001Z", "object_repr": "Category object", "object_id": "5", "change_message": "", "user": 1, "content_type": 17}, "model": "admin.logentry", "pk": 23}, {"fields": {"action_flag": 1, "action_time": "2015-11-22T12:16:17.342Z", "object_repr": "Category object", "object_id": "6", "change_message": "", "user": 1, "content_type": 17}, "model": "admin.logentry", "pk": 24}, {"fields": {"action_flag": 1, "action_time": "2015-11-22T12:16:31.971Z", "object_repr": "Category object", "object_id": "7", "change_message": "", "user": 1, "content_type": 17}, "model": "admin.logentry", "pk": 25}, {"fields": {"action_flag": 1, "action_time": "2015-11-22T12:16:44.474Z", "object_repr": "Category object", "object_id": "8", "change_message": "", "user": 1, "content_type": 17}, "model": "admin.logentry", "pk": 26}, {"fields": {"action_flag": 1, "action_time": "2015-11-22T12:16:58.446Z", "object_repr": "Category object", "object_id": "9", "change_message": "", "user": 1, "content_type": 17}, "model": "admin.logentry", "pk": 27}, {"fields": {"action_flag": 1, "action_time": "2015-11-22T12:17:18.540Z", "object_repr": "Category object", "object_id": "10", "change_message": "", "user": 1, "content_type": 17}, "model": "admin.logentry", "pk": 28}, {"fields": {"action_flag": 1, "action_time": "2015-11-22T12:17:34.831Z", "object_repr": "Category object", "object_id": "11", "change_message": "", "user": 1, "content_type": 17}, "model": "admin.logentry", "pk": 29}, {"fields": {"action_flag": 1, "action_time": "2015-11-22T12:17:48.017Z", "object_repr": "Category object", "object_id": "12", "change_message": "", "user": 1, "content_type": 17}, "model": "admin.logentry", "pk": 30}, {"fields": {"action_flag": 2, "action_time": "2015-11-22T12:22:33.985Z", "object_repr": "Category object", "object_id": "12", "change_message": "No fields changed.", "user": 1, "content_type": 17}, "model": "admin.logentry", "pk": 31}, {"fields": {"action_flag": 2, "action_time": "2015-11-22T12:24:28.912Z", "object_repr": "External relations", "object_id": "12", "change_message": "Changed category.", "user": 1, "content_type": 17}, "model": "admin.logentry", "pk": 32}, {"fields": {"action_flag": 3, "action_time": "2015-11-22T12:24:43.632Z", "object_repr": "Should the consumption of cannabis as well as its possession for personal use be legalised?", "object_id": "5", "change_message": "", "user": 1, "content_type": 16}, "model": "admin.logentry", "pk": 33}, {"fields": {"action_flag": 3, "action_time": "2015-11-22T12:24:43.679Z", "object_repr": "Should the naturalisation process for third-generation foreigners be simplified?", "object_id": "4", "change_message": "", "user": 1, "content_type": 16}, "model": "admin.logentry", "pk": 34}, {"fields": {"action_flag": 3, "action_time": "2015-11-22T12:24:43.684Z", "object_repr": "Would you agree to an increase in the minimum deductible relating to the compulsory basic health insurance scheme (KVG) from CHF 300 to CHF 500?", "object_id": "3", "change_message": "", "user": 1, "content_type": 16}, "model": "admin.logentry", "pk": 35}, {"fields": {"action_flag": 3, "action_time": "2015-11-22T12:24:43.689Z", "object_repr": "Do you support a raise in the retirement age for both women and men (e.g. to 67)?", "object_id": "2", "change_message": "", "user": 1, "content_type": 16}, "model": "admin.logentry", "pk": 36}, {"fields": {"action_flag": 3, "action_time": "2015-11-22T12:24:43.695Z", "object_repr": "Do you like this test question?", "object_id": "1", "change_message": "", "user": 1, "content_type": 16}, "model": "admin.logentry", "pk": 37}, {"fields": {"action_flag": 1, "action_time": "2015-11-22T12:25:19.890Z", "object_repr": "Do you support a raise in the retirement age for both women and men (e.g. to 67)?", "object_id": "6", "change_message": "", "user": 1, "content_type": 16}, "model": "admin.logentry", "pk": 38}, {"fields": {"action_flag": 2, "action_time": "2015-11-22T12:25:37.535Z", "object_repr": "Do you support a raise in the retirement age for both women and men (e.g. to 67)?", "object_id": "6", "change_message": "No fields changed.", "user": 1, "content_type": 16}, "model": "admin.logentry", "pk": 39}, {"fields": {"action_flag": 1, "action_time": "2015-11-22T12:25:54.147Z", "object_repr": "Would you appreciate the introduction of needs-based minimum benefits for families on low income on a national level?", "object_id": "7", "change_message": "", "user": 1, "content_type": 16}, "model": "admin.logentry", "pk": 40}, {"fields": {"action_flag": 1, "action_time": "2015-11-22T12:26:11.333Z", "object_repr": "Are you in favour of an adjustment to the benefits regulations which provide for a reduction of benefits for large families and young adults?", "object_id": "8", "change_message": "", "user": 1, "content_type": 16}, "model": "admin.logentry", "pk": 41}, {"fields": {"action_flag": 1, "action_time": "2015-11-22T12:26:31.303Z", "object_repr": "Would you agree to an increase in the minimum deductible relating to the compulsory basic health insurance scheme (KVG) from CHF 300 to CHF 500?", "object_id": "9", "change_message": "", "user": 1, "content_type": 16}, "model": "admin.logentry", "pk": 42}, {"fields": {"action_flag": 1, "action_time": "2015-11-22T12:26:55.313Z", "object_repr": "Should the government increase its efforts to support equal education opportunities (such as through vouchers for private lessons granted to students from families on low income)?", "object_id": "10", "change_message": "", "user": 1, "content_type": 16}, "model": "admin.logentry", "pk": 43}, {"fields": {"action_flag": 1, "action_time": "2015-11-22T12:27:09.977Z", "object_repr": "Do you approve of schools allowing pupils to be exempted from individual subjects or events on religious grounds (e.g. PE/swimming, school trips, sex education lessons, etc.)?", "object_id": "11", "change_message": "", "user": 1, "content_type": 16}, "model": "admin.logentry", "pk": 44}, {"fields": {"action_flag": 1, "action_time": "2015-11-22T12:27:34.059Z", "object_repr": "Would you support that foreigners who have lived for at least ten years in Switzerland being given voting and electoral rights at municipal level throughout Switzerland?", "object_id": "12", "change_message": "", "user": 1, "content_type": 16}, "model": "admin.logentry", "pk": 45}, {"fields": {"action_flag": 1, "action_time": "2015-11-22T12:27:47.764Z", "object_repr": "Should the naturalisation process for third-generation foreigners be simplified?", "object_id": "13", "change_message": "", "user": 1, "content_type": 16}, "model": "admin.logentry", "pk": 46}, {"fields": {"action_flag": 1, "action_time": "2015-11-22T12:28:06.192Z", "object_repr": "Should the residence permit for migrants from non-EU/EFTA countries be subject to the fulfilment of binding integration agreements across Switzerland?", "object_id": "14", "change_message": "", "user": 1, "content_type": 16}, "model": "admin.logentry", "pk": 47}, {"fields": {"action_flag": 1, "action_time": "2015-11-22T12:28:21.754Z", "object_repr": "Are you in favour of legalizing the status of sans papiers immigrants (i.e. immigrants who have no official paperwork) through a one-off, collective granting of residency permits?", "object_id": "15", "change_message": "", "user": 1, "content_type": 16}, "model": "admin.logentry", "pk": 48}, {"fields": {"action_flag": 1, "action_time": "2015-11-22T12:28:40.159Z", "object_repr": "Should same-sex couples who have registered their partnership be able to adopt children?", "object_id": "16", "change_message": "", "user": 1, "content_type": 16}, "model": "admin.logentry", "pk": 49}, {"fields": {"action_flag": 1, "action_time": "2015-11-22T12:28:52.357Z", "object_repr": "In June 2015 the Swiss people approved the relaxation of the rules for medically assisted reproduction (referendum on pre-implantation diagnosis, PID). Do you welcome this decision?", "object_id": "17", "change_message": "", "user": 1, "content_type": 16}, "model": "admin.logentry", "pk": 50}, {"fields": {"action_flag": 1, "action_time": "2015-11-22T12:29:04.872Z", "object_repr": "Should the consumption of cannabis as well as its possession for personal use be legalised?", "object_id": "18", "change_message": "", "user": 1, "content_type": 16}, "model": "admin.logentry", "pk": 51}, {"fields": {"action_flag": 1, "action_time": "2015-11-22T12:29:20.642Z", "object_repr": "Do you think the federal government should withdraw from its financial support of cultural activities?", "object_id": "19", "change_message": "", "user": 1, "content_type": 16}, "model": "admin.logentry", "pk": 52}, {"fields": {"action_flag": 1, "action_time": "2015-11-22T12:29:37.795Z", "object_repr": "Do you consider tax reductions on federal level a priority for the next four years?", "object_id": "20", "change_message": "", "user": 1, "content_type": 16}, "model": "admin.logentry", "pk": 53}, {"fields": {"action_flag": 1, "action_time": "2015-11-22T12:29:51.595Z", "object_repr": "Are you in favour of the introduction of a capital gains tax in relation to securities?", "object_id": "21", "change_message": "", "user": 1, "content_type": 16}, "model": "admin.logentry", "pk": 54}, {"fields": {"action_flag": 1, "action_time": "2015-11-22T12:30:05.225Z", "object_repr": "Financially strong cantons want their payment of contributions to the financially weak cantons be reduced within the framework of the financial equalisation (NFA). Do you support this?", "object_id": "22", "change_message": "", "user": 1, "content_type": 16}, "model": "admin.logentry", "pk": 55}, {"fields": {"action_flag": 1, "action_time": "2015-11-22T12:30:20.755Z", "object_repr": "Are you in favour of introducing a general minimum wage to the amount of approx. CHF 4'000 (regarding full-time employment)?", "object_id": "23", "change_message": "", "user": 1, "content_type": 16}, "model": "admin.logentry", "pk": 56}, {"fields": {"action_flag": 1, "action_time": "2015-11-22T12:30:35.951Z", "object_repr": "Are you in favour of a general ban on advertisements for alcohol and tobacco?", "object_id": "24", "change_message": "", "user": 1, "content_type": 16}, "model": "admin.logentry", "pk": 57}, {"fields": {"action_flag": 1, "action_time": "2015-11-22T12:30:50.902Z", "object_repr": "A popular initiative demands that nuclear energy be completely abandoned by 2029. Are you in favour of this?", "object_id": "25", "change_message": "", "user": 1, "content_type": 16}, "model": "admin.logentry", "pk": 58}, {"fields": {"action_flag": 1, "action_time": "2015-11-22T12:31:05.719Z", "object_repr": "Switzerland currently levies a CO2 charge on fossil fuels (heating oil, natural gas). Should this charge be extended to motor fuels (e.g. petrol, diesel)?", "object_id": "26", "change_message": "", "user": 1, "content_type": 16}, "model": "admin.logentry", "pk": 59}, {"fields": {"action_flag": 1, "action_time": "2015-11-22T12:31:29.598Z", "object_repr": "Would you support the relaxing of legislation protecting large predators (lynx, wolves, bears)?", "object_id": "27", "change_message": "", "user": 1, "content_type": 16}, "model": "admin.logentry", "pk": 60}, {"fields": {"action_flag": 1, "action_time": "2015-11-22T12:31:44.001Z", "object_repr": "Should the more heavily-used sections of Swiss motorways (e.g. Berne-Zurich and Lausanne-Geneva) be expanded to three lanes?", "object_id": "28", "change_message": "", "user": 1, "content_type": 16}, "model": "admin.logentry", "pk": 61}, {"fields": {"action_flag": 1, "action_time": "2015-11-22T12:32:00.182Z", "object_repr": "Should the financing of political parties as well as the financing of electoral and referendum campaigns be openly declared?", "object_id": "29", "change_message": "", "user": 1, "content_type": 16}, "model": "admin.logentry", "pk": 62}, {"fields": {"action_flag": 1, "action_time": "2015-11-22T12:32:19.507Z", "object_repr": "Resolutions made by the European Court of Human Rights (ECHR) are binding for Switzerland. Do you think that this is justified?", "object_id": "30", "change_message": "", "user": 1, "content_type": 16}, "model": "admin.logentry", "pk": 63}, {"fields": {"action_flag": 1, "action_time": "2015-11-22T12:32:35.050Z", "object_repr": "Are you in favour of a considerable reduction of the number of soldiers to 100'000 at most?", "object_id": "31", "change_message": "", "user": 1, "content_type": 16}, "model": "admin.logentry", "pk": 64}, {"fields": {"action_flag": 1, "action_time": "2015-11-22T12:32:50.366Z", "object_repr": "Should the powers of the security services be increased to include preventative surveillance of communication by post, e-mail and telephone?", "object_id": "32", "change_message": "", "user": 1, "content_type": 16}, "model": "admin.logentry", "pk": 65}, {"fields": {"action_flag": 1, "action_time": "2015-11-22T12:33:03.949Z", "object_repr": "Should Switzerland terminate the Schengen Agreement with the EU and reintroduce increased identity checks directly on the border?", "object_id": "33", "change_message": "", "user": 1, "content_type": 16}, "model": "admin.logentry", "pk": 66}, {"fields": {"action_flag": 1, "action_time": "2015-11-22T12:33:19.890Z", "object_repr": "Do you consider the strict implementation of the large-scale immigration initiative to have priority over the continuation of bilateral agreements with the EU?", "object_id": "34", "change_message": "", "user": 1, "content_type": 16}, "model": "admin.logentry", "pk": 67}, {"fields": {"action_flag": 1, "action_time": "2015-11-22T12:33:32.949Z", "object_repr": "Should Switzerland start negotiations with the USA on a free trade agreement?", "object_id": "35", "change_message": "", "user": 1, "content_type": 16}, "model": "admin.logentry", "pk": 68}, {"fields": {"action_flag": 1, "action_time": "2015-11-24T17:02:35.011Z", "object_repr": "Elections to the National Council 2015", "object_id": "1", "change_message": "", "user": 1, "content_type": 18}, "model": "admin.logentry", "pk": 69}, {"fields": {"action_flag": 2, "action_time": "2015-11-24T17:04:51.941Z", "object_repr": "Should Switzerland start negotiations with the USA on a free trade agreement?", "object_id": "35", "change_message": "Changed survey and choices.", "user": 1, "content_type": 16}, "model": "admin.logentry", "pk": 70}, {"fields": {"action_flag": 2, "action_time": "2015-11-24T17:05:08.814Z", "object_repr": "Should Switzerland start negotiations with the USA on a free trade agreement?", "object_id": "35", "change_message": "No fields changed.", "user": 1, "content_type": 16}, "model": "admin.logentry", "pk": 71}, {"fields": {"action_flag": 2, "action_time": "2015-11-24T20:24:48.018Z", "object_repr": "Do you consider the strict implementation of the large-scale immigration initiative to have priority over the continuation of bilateral agreements with the EU?", "object_id": "34", "change_message": "Changed survey and choices.", "user": 1, "content_type": 16}, "model": "admin.logentry", "pk": 72}, {"fields": {"action_flag": 2, "action_time": "2015-11-24T20:24:54.116Z", "object_repr": "Should Switzerland terminate the Schengen Agreement with the EU and reintroduce increased identity checks directly on the border?", "object_id": "33", "change_message": "Changed survey and choices.", "user": 1, "content_type": 16}, "model": "admin.logentry", "pk": 73}, {"fields": {"action_flag": 2, "action_time": "2015-11-24T20:25:00.747Z", "object_repr": "Should the powers of the security services be increased to include preventative surveillance of communication by post, e-mail and telephone?", "object_id": "32", "change_message": "Changed survey and choices.", "user": 1, "content_type": 16}, "model": "admin.logentry", "pk": 74}, {"fields": {"action_flag": 3, "action_time": "2015-11-24T21:01:38.849Z", "object_repr": "response 3a0a498110664e3884d61302324484cd", "object_id": "1", "change_message": "", "user": 1, "content_type": 19}, "model": "admin.logentry", "pk": 75}, {"fields": {"action_flag": 3, "action_time": "2015-11-24T21:27:22.585Z", "object_repr": "AnswerRadio object", "object_id": "4", "change_message": "", "user": 1, "content_type": 21}, "model": "admin.logentry", "pk": 76}, {"fields": {"action_flag": 3, "action_time": "2015-11-24T21:27:22.832Z", "object_repr": "AnswerRadio object", "object_id": "3", "change_message": "", "user": 1, "content_type": 21}, "model": "admin.logentry", "pk": 77}, {"fields": {"action_flag": 3, "action_time": "2015-11-24T21:27:22.840Z", "object_repr": "AnswerRadio object", "object_id": "2", "change_message": "", "user": 1, "content_type": 21}, "model": "admin.logentry", "pk": 78}, {"fields": {"action_flag": 3, "action_time": "2015-11-24T21:27:22.849Z", "object_repr": "AnswerRadio object", "object_id": "1", "change_message": "", "user": 1, "content_type": 21}, "model": "admin.logentry", "pk": 79}, {"fields": {"action_flag": 3, "action_time": "2015-11-24T21:29:06.464Z", "object_repr": "response 69c7d6f01b1e40ff91e360a0b4a740d6", "object_id": "2", "change_message": "", "user": 1, "content_type": 19}, "model": "admin.logentry", "pk": 80}, {"fields": {"action_flag": 3, "action_time": "2015-11-25T19:58:05.514Z", "object_repr": "response 59f899690dec4bc49c6cb81990eb176d", "object_id": "2", "change_message": "", "user": 1, "content_type": 19}, "model": "admin.logentry", "pk": 81}, {"fields": {"action_flag": 3, "action_time": "2015-11-25T19:58:05.702Z", "object_repr": "response 393bef7fd9db4a58af871705e199a609", "object_id": "1", "change_message": "", "user": 1, "content_type": 19}, "model": "admin.logentry", "pk": 82}, {"fields": {"action_flag": 2, "action_time": "2015-11-25T22:37:31.440Z", "object_repr": "Voter", "object_id": "2", "change_message": "Changed name.", "user": 1, "content_type": 3}, "model": "admin.logentry", "pk": 83}, {"fields": {"action_flag": 2, "action_time": "2015-11-26T23:37:05.218Z", "object_repr": "adrian", "object_id": "1", "change_message": "Changed groups.", "user": 1, "content_type": 4}, "model": "admin.logentry", "pk": 84}, {"fields": {"action_flag": 3, "action_time": "2015-11-28T11:26:15.208Z", "object_repr": "test", "object_id": "8", "change_message": "", "user": 1, "content_type": 4}, "model": "admin.logentry", "pk": 85}, {"fields": {"action_flag": 2, "action_time": "2015-11-28T12:11:25.457Z", "object_repr": "adrian", "object_id": "1", "change_message": "Changed groups.", "user": 1, "content_type": 4}, "model": "admin.logentry", "pk": 86}, {"fields": {"action_flag": 3, "action_time": "2015-11-28T12:53:48.639Z", "object_repr": "Testfrage?", "object_id": "36", "change_message": "", "user": 1, "content_type": 25}, "model": "admin.logentry", "pk": 87}, {"fields": {"action_flag": 3, "action_time": "2015-11-28T12:54:43.188Z", "object_repr": "Testfrage2?", "object_id": "37", "change_message": "", "user": 1, "content_type": 25}, "model": "admin.logentry", "pk": 88}, {"fields": {"action_flag": 3, "action_time": "2015-11-28T13:04:53.902Z", "object_repr": "Neue Frage?", "object_id": "38", "change_message": "", "user": 1, "content_type": 25}, "model": "admin.logentry", "pk": 89}, {"fields": {"action_flag": 3, "action_time": "2015-11-28T13:07:43.022Z", "object_repr": "Neue Frage???", "object_id": "39", "change_message": "", "user": 1, "content_type": 25}, "model": "admin.logentry", "pk": 90}, {"fields": {"action_flag": 3, "action_time": "2015-11-28T13:09:35.844Z", "object_repr": "OK now?", "object_id": "40", "change_message": "", "user": 1, "content_type": 25}, "model": "admin.logentry", "pk": 91}, {"fields": {"action_flag": 3, "action_time": "2015-11-28T13:11:28.000Z", "object_repr": "AskBase object", "object_id": "41", "change_message": "", "user": 1, "content_type": 26}, "model": "admin.logentry", "pk": 92}, {"fields": {"action_flag": 3, "action_time": "2015-11-28T13:11:40.068Z", "object_repr": "OK now???", "object_id": "41", "change_message": "", "user": 1, "content_type": 25}, "model": "admin.logentry", "pk": 93}, {"fields": {"action_flag": 3, "action_time": "2015-11-28T13:15:12.653Z", "object_repr": "AskBase object", "object_id": "42", "change_message": "", "user": 1, "content_type": 26}, "model": "admin.logentry", "pk": 94}, {"fields": {"action_flag": 3, "action_time": "2015-11-28T13:15:28.658Z", "object_repr": "OK now???", "object_id": "42", "change_message": "", "user": 1, "content_type": 25}, "model": "admin.logentry", "pk": 95}, {"fields": {"action_flag": 3, "action_time": "2015-11-28T13:20:13.235Z", "object_repr": "AskBase object", "object_id": "43", "change_message": "", "user": 1, "content_type": 26}, "model": "admin.logentry", "pk": 96}, {"fields": {"action_flag": 3, "action_time": "2015-11-28T13:20:31.482Z", "object_repr": "OK??", "object_id": "43", "change_message": "", "user": 1, "content_type": 25}, "model": "admin.logentry", "pk": 97}, {"fields": {"action_flag": 3, "action_time": "2015-11-28T13:21:06.088Z", "object_repr": "AskBase object", "object_id": "44", "change_message": "", "user": 1, "content_type": 26}, "model": "admin.logentry", "pk": 98}, {"fields": {"action_flag": 3, "action_time": "2015-11-28T13:21:14.709Z", "object_repr": "Ist das eine Testfrage", "object_id": "44", "change_message": "", "user": 1, "content_type": 25}, "model": "admin.logentry", "pk": 99}, {"fields": {"action_flag": 2, "action_time": "2015-11-28T13:28:05.754Z", "object_repr": "Ist das eine Testfrage - adrian", "object_id": "1", "change_message": "Changed isAccepted.", "user": 1, "content_type": 26}, "model": "admin.logentry", "pk": 100}, {"fields": {"action_flag": 3, "action_time": "2015-11-28T13:29:01.093Z", "object_repr": "Ist das eine Testfrage - CandidateC", "object_id": "5", "change_message": "", "user": 1, "content_type": 26}, "model": "admin.logentry", "pk": 101}, {"fields": {"action_flag": 3, "action_time": "2015-11-28T13:29:01.167Z", "object_repr": "Ist das eine Testfrage - CandidateB", "object_id": "4", "change_message": "", "user": 1, "content_type": 26}, "model": "admin.logentry", "pk": 102}, {"fields": {"action_flag": 3, "action_time": "2015-11-28T13:29:01.173Z", "object_repr": "Ist das eine Testfrage - CandidateA", "object_id": "3", "change_message": "", "user": 1, "content_type": 26}, "model": "admin.logentry", "pk": 103}, {"fields": {"action_flag": 3, "action_time": "2015-11-28T13:29:01.178Z", "object_repr": "Ist das eine Testfrage - TestUser", "object_id": "2", "change_message": "", "user": 1, "content_type": 26}, "model": "admin.logentry", "pk": 104}, {"fields": {"action_flag": 3, "action_time": "2015-11-28T13:29:01.182Z", "object_repr": "Ist das eine Testfrage - adrian", "object_id": "1", "change_message": "", "user": 1, "content_type": 26}, "model": "admin.logentry", "pk": 105}, {"fields": {"action_flag": 3, "action_time": "2015-11-28T13:29:10.425Z", "object_repr": "Ist das eine Testfrage", "object_id": "45", "change_message": "", "user": 1, "content_type": 25}, "model": "admin.logentry", "pk": 106}, {"fields": {"action_flag": 3, "action_time": "2015-11-28T13:30:14.944Z", "object_repr": "Ist das eine Testfrage", "object_id": "46", "change_message": "", "user": 1, "content_type": 25}, "model": "admin.logentry", "pk": 107}, {"fields": {"action_flag": 3, "action_time": "2015-11-28T14:00:18.637Z", "object_repr": "Bl\u00f6de Frage oder??", "object_id": "48", "change_message": "", "user": 1, "content_type": 25}, "model": "admin.logentry", "pk": 108}, {"fields": {"action_flag": 3, "action_time": "2015-11-28T14:00:18.905Z", "object_repr": "Ist das eine Testfrage?", "object_id": "47", "change_message": "", "user": 1, "content_type": 25}, "model": "admin.logentry", "pk": 109}, {"fields": {"action_flag": 3, "action_time": "2015-11-28T14:02:21.880Z", "object_repr": "Bl\u00f6de Frage oder?", "object_id": "49", "change_message": "", "user": 1, "content_type": 25}, "model": "admin.logentry", "pk": 110}, {"fields": {"action_flag": 2, "action_time": "2015-11-28T14:16:43.088Z", "object_repr": "adrian", "object_id": "1", "change_message": "Changed groups.", "user": 1, "content_type": 4}, "model": "admin.logentry", "pk": 111}, {"fields": {"action_flag": 3, "action_time": "2015-11-28T16:53:51.307Z", "object_repr": "Bl\u00f6de Frage oder?", "object_id": "50", "change_message": "", "user": 1, "content_type": 25}, "model": "admin.logentry", "pk": 112}, {"fields": {"action_flag": 2, "action_time": "2015-11-28T16:54:09.917Z", "object_repr": "adrian", "object_id": "1", "change_message": "Changed groups.", "user": 1, "content_type": 4}, "model": "admin.logentry", "pk": 113}, {"fields": {"action_flag": 3, "action_time": "2015-11-28T16:54:50.291Z", "object_repr": "Testfrage?", "object_id": "51", "change_message": "", "user": 1, "content_type": 25}, "model": "admin.logentry", "pk": 114}, {"fields": {"action_flag": 2, "action_time": "2015-11-28T16:55:13.737Z", "object_repr": "adrian", "object_id": "1", "change_message": "Changed groups.", "user": 1, "content_type": 4}, "model": "admin.logentry", "pk": 115}, {"fields": {"action_flag": 3, "action_time": "2015-11-28T19:40:31.394Z", "object_repr": "Frage?", "object_id": "52", "change_message": "", "user": 1, "content_type": 25}, "model": "admin.logentry", "pk": 116}, {"fields": {"action_flag": 3, "action_time": "2015-11-28T19:41:12.182Z", "object_repr": "Frage?", "object_id": "53", "change_message": "", "user": 1, "content_type": 25}, "model": "admin.logentry", "pk": 117}, {"fields": {"action_flag": 3, "action_time": "2015-11-28T19:44:55.505Z", "object_repr": "Frage?", "object_id": "54", "change_message": "", "user": 1, "content_type": 25}, "model": "admin.logentry", "pk": 118}, {"fields": {"action_flag": 3, "action_time": "2015-11-28T19:53:57.860Z", "object_repr": "Neue Frage?", "object_id": "55", "change_message": "", "user": 1, "content_type": 25}, "model": "admin.logentry", "pk": 119}, {"fields": {"action_flag": 3, "action_time": "2015-11-28T19:57:10.081Z", "object_repr": "Neue Frage???", "object_id": "56", "change_message": "", "user": 1, "content_type": 25}, "model": "admin.logentry", "pk": 120}, {"fields": {"action_flag": 3, "action_time": "2015-11-28T19:58:33.828Z", "object_repr": "Testfrage?", "object_id": "57", "change_message": "", "user": 1, "content_type": 25}, "model": "admin.logentry", "pk": 121}, {"fields": {"action_flag": 3, "action_time": "2015-11-28T19:59:31.768Z", "object_repr": "Testfrage?", "object_id": "58", "change_message": "", "user": 1, "content_type": 25}, "model": "admin.logentry", "pk": 122}, {"fields": {"action_flag": 2, "action_time": "2015-11-28T20:55:31.229Z", "object_repr": "TestUser", "object_id": "9", "change_message": "Changed is_staff and is_superuser.", "user": 1, "content_type": 4}, "model": "admin.logentry", "pk": 123}, {"fields": {"action_flag": 2, "action_time": "2015-11-29T00:53:51.632Z", "object_repr": "Should Switzerland start negotiations with the USA on a free trade agreement?", "object_id": "35", "change_message": "Changed choices.", "user": 1, "content_type": 16}, "model": "admin.logentry", "pk": 124}, {"fields": {"action_flag": 2, "action_time": "2015-11-29T00:54:09.628Z", "object_repr": "Do you consider the strict implementation of the large-scale immigration initiative to have priority over the continuation of bilateral agreements with the EU?", "object_id": "34", "change_message": "Changed choices.", "user": 1, "content_type": 16}, "model": "admin.logentry", "pk": 125}, {"fields": {"action_flag": 2, "action_time": "2015-11-29T00:54:20.564Z", "object_repr": "Should Switzerland terminate the Schengen Agreement with the EU and reintroduce increased identity checks directly on the border?", "object_id": "33", "change_message": "Changed choices.", "user": 1, "content_type": 16}, "model": "admin.logentry", "pk": 126}, {"fields": {"action_flag": 2, "action_time": "2015-11-29T00:54:30.805Z", "object_repr": "Should the powers of the security services be increased to include preventative surveillance of communication by post, e-mail and telephone?", "object_id": "32", "change_message": "Changed choices.", "user": 1, "content_type": 16}, "model": "admin.logentry", "pk": 127}, {"fields": {"action_flag": 2, "action_time": "2015-11-29T00:54:42.929Z", "object_repr": "Neue Frage?", "object_id": "59", "change_message": "Changed choices.", "user": 1, "content_type": 16}, "model": "admin.logentry", "pk": 128}, {"fields": {"action_flag": 2, "action_time": "2015-11-29T00:54:50.016Z", "object_repr": "Ist das CandidateA's Frage?", "object_id": "60", "change_message": "Changed choices.", "user": 1, "content_type": 16}, "model": "admin.logentry", "pk": 129}, {"fields": {"action_flag": 2, "action_time": "2015-11-29T00:54:54.549Z", "object_repr": "M\u00f6gen Sie Steuern?", "object_id": "61", "change_message": "Changed choices.", "user": 1, "content_type": 16}, "model": "admin.logentry", "pk": 130}, {"fields": {"action_flag": 3, "action_time": "2015-11-29T01:18:46.444Z", "object_repr": "VoterA", "object_id": "13", "change_message": "", "user": 1, "content_type": 4}, "model": "admin.logentry", "pk": 131}, {"fields": {"action_flag": 2, "action_time": "2015-11-29T01:20:12.628Z", "object_repr": "VoterA", "object_id": "14", "change_message": "Changed username.", "user": 1, "content_type": 4}, "model": "admin.logentry", "pk": 132}, {"fields": {"action_flag": 2, "action_time": "2015-11-29T13:23:48.747Z", "object_repr": "CandidateA", "object_id": "10", "change_message": "Changed first_name and last_name.", "user": 1, "content_type": 4}, "model": "admin.logentry", "pk": 133}, {"fields": {"action_flag": 2, "action_time": "2015-11-29T13:24:00.872Z", "object_repr": "CandidateB", "object_id": "11", "change_message": "Changed first_name and last_name.", "user": 1, "content_type": 4}, "model": "admin.logentry", "pk": 134}, {"fields": {"action_flag": 2, "action_time": "2015-11-29T13:24:16.899Z", "object_repr": "CandidateC", "object_id": "12", "change_message": "Changed first_name and last_name.", "user": 1, "content_type": 4}, "model": "admin.logentry", "pk": 135}, {"fields": {"action_flag": 2, "action_time": "2015-11-29T15:01:53.370Z", "object_repr": "Are you in favour of a considerable reduction of the number of soldiers to 100'000 at most?", "object_id": "31", "change_message": "Changed survey and choices.", "user": 1, "content_type": 16}, "model": "admin.logentry", "pk": 136}, {"fields": {"action_flag": 2, "action_time": "2015-11-29T15:02:05.339Z", "object_repr": "Resolutions made by the European Court of Human Rights (ECHR) are binding for Switzerland. Do you think that this is justified?", "object_id": "30", "change_message": "Changed survey and choices.", "user": 1, "content_type": 16}, "model": "admin.logentry", "pk": 137}, {"fields": {"action_flag": 2, "action_time": "2015-11-29T15:02:31.486Z", "object_repr": "Should the financing of political parties as well as the financing of electoral and referendum campaigns be openly declared?", "object_id": "29", "change_message": "Changed survey and choices.", "user": 1, "content_type": 16}, "model": "admin.logentry", "pk": 138}, {"fields": {"action_flag": 2, "action_time": "2015-11-29T15:02:39.229Z", "object_repr": "Should the more heavily-used sections of Swiss motorways (e.g. Berne-Zurich and Lausanne-Geneva) be expanded to three lanes?", "object_id": "28", "change_message": "Changed survey and choices.", "user": 1, "content_type": 16}, "model": "admin.logentry", "pk": 139}, {"fields": {"action_flag": 2, "action_time": "2015-11-29T15:02:45.827Z", "object_repr": "Would you support the relaxing of legislation protecting large predators (lynx, wolves, bears)?", "object_id": "27", "change_message": "Changed survey and choices.", "user": 1, "content_type": 16}, "model": "admin.logentry", "pk": 140}, {"fields": {"action_flag": 2, "action_time": "2015-11-29T15:02:52.841Z", "object_repr": "Switzerland currently levies a CO2 charge on fossil fuels (heating oil, natural gas). Should this charge be extended to motor fuels (e.g. petrol, diesel)?", "object_id": "26", "change_message": "Changed survey and choices.", "user": 1, "content_type": 16}, "model": "admin.logentry", "pk": 141}, {"fields": {"action_flag": 2, "action_time": "2015-11-29T15:02:58.784Z", "object_repr": "A popular initiative demands that nuclear energy be completely abandoned by 2029. Are you in favour of this?", "object_id": "25", "change_message": "Changed survey and choices.", "user": 1, "content_type": 16}, "model": "admin.logentry", "pk": 142}, {"fields": {"action_flag": 2, "action_time": "2015-11-29T15:03:04.632Z", "object_repr": "Are you in favour of a general ban on advertisements for alcohol and tobacco?", "object_id": "24", "change_message": "Changed survey and choices.", "user": 1, "content_type": 16}, "model": "admin.logentry", "pk": 143}, {"fields": {"action_flag": 2, "action_time": "2015-11-29T15:03:10.877Z", "object_repr": "Are you in favour of introducing a general minimum wage to the amount of approx. CHF 4'000 (regarding full-time employment)?", "object_id": "23", "change_message": "Changed survey and choices.", "user": 1, "content_type": 16}, "model": "admin.logentry", "pk": 144}, {"fields": {"action_flag": 2, "action_time": "2015-11-29T15:03:16.870Z", "object_repr": "Financially strong cantons want their payment of contributions to the financially weak cantons be reduced within the framework of the financial equalisation (NFA). Do you support this?", "object_id": "22", "change_message": "Changed survey and choices.", "user": 1, "content_type": 16}, "model": "admin.logentry", "pk": 145}, {"fields": {"action_flag": 2, "action_time": "2015-11-29T15:03:23.145Z", "object_repr": "Are you in favour of the introduction of a capital gains tax in relation to securities?", "object_id": "21", "change_message": "Changed survey and choices.", "user": 1, "content_type": 16}, "model": "admin.logentry", "pk": 146}, {"fields": {"action_flag": 2, "action_time": "2015-11-29T15:03:29.807Z", "object_repr": "Do you consider tax reductions on federal level a priority for the next four years?", "object_id": "20", "change_message": "Changed survey and choices.", "user": 1, "content_type": 16}, "model": "admin.logentry", "pk": 147}, {"fields": {"action_flag": 2, "action_time": "2015-11-29T15:03:36.212Z", "object_repr": "Do you think the federal government should withdraw from its financial support of cultural activities?", "object_id": "19", "change_message": "Changed survey and choices.", "user": 1, "content_type": 16}, "model": "admin.logentry", "pk": 148}, {"fields": {"action_flag": 2, "action_time": "2015-11-29T15:03:42.897Z", "object_repr": "Should the consumption of cannabis as well as its possession for personal use be legalised?", "object_id": "18", "change_message": "Changed survey and choices.", "user": 1, "content_type": 16}, "model": "admin.logentry", "pk": 149}, {"fields": {"action_flag": 2, "action_time": "2015-11-29T15:03:49.982Z", "object_repr": "In June 2015 the Swiss people approved the relaxation of the rules for medically assisted reproduction (referendum on pre-implantation diagnosis, PID). Do you welcome this decision?", "object_id": "17", "change_message": "Changed survey and choices.", "user": 1, "content_type": 16}, "model": "admin.logentry", "pk": 150}, {"fields": {"action_flag": 2, "action_time": "2015-11-29T15:04:11.080Z", "object_repr": "Should same-sex couples who have registered their partnership be able to adopt children?", "object_id": "16", "change_message": "Changed survey and choices.", "user": 1, "content_type": 16}, "model": "admin.logentry", "pk": 151}, {"fields": {"action_flag": 2, "action_time": "2015-11-29T15:04:17.071Z", "object_repr": "Are you in favour of legalizing the status of sans papiers immigrants (i.e. immigrants who have no official paperwork) through a one-off, collective granting of residency permits?", "object_id": "15", "change_message": "Changed survey and choices.", "user": 1, "content_type": 16}, "model": "admin.logentry", "pk": 152}, {"fields": {"action_flag": 2, "action_time": "2015-11-29T15:04:22.681Z", "object_repr": "Should the residence permit for migrants from non-EU/EFTA countries be subject to the fulfilment of binding integration agreements across Switzerland?", "object_id": "14", "change_message": "Changed survey and choices.", "user": 1, "content_type": 16}, "model": "admin.logentry", "pk": 153}, {"fields": {"action_flag": 2, "action_time": "2015-11-29T15:04:29.301Z", "object_repr": "Should the naturalisation process for third-generation foreigners be simplified?", "object_id": "13", "change_message": "Changed survey and choices.", "user": 1, "content_type": 16}, "model": "admin.logentry", "pk": 154}, {"fields": {"action_flag": 2, "action_time": "2015-11-29T15:04:35.379Z", "object_repr": "Would you support that foreigners who have lived for at least ten years in Switzerland being given voting and electoral rights at municipal level throughout Switzerland?", "object_id": "12", "change_message": "Changed survey and choices.", "user": 1, "content_type": 16}, "model": "admin.logentry", "pk": 155}, {"fields": {"action_flag": 2, "action_time": "2015-11-29T15:04:41.362Z", "object_repr": "Do you approve of schools allowing pupils to be exempted from individual subjects or events on religious grounds (e.g. PE/swimming, school trips, sex education lessons, etc.)?", "object_id": "11", "change_message": "Changed survey and choices.", "user": 1, "content_type": 16}, "model": "admin.logentry", "pk": 156}, {"fields": {"action_flag": 2, "action_time": "2015-11-29T15:04:48.378Z", "object_repr": "Should the government increase its efforts to support equal education opportunities (such as through vouchers for private lessons granted to students from families on low income)?", "object_id": "10", "change_message": "Changed survey and choices.", "user": 1, "content_type": 16}, "model": "admin.logentry", "pk": 157}, {"fields": {"action_flag": 2, "action_time": "2015-11-29T15:04:55.108Z", "object_repr": "Would you agree to an increase in the minimum deductible relating to the compulsory basic health insurance scheme (KVG) from CHF 300 to CHF 500?", "object_id": "9", "change_message": "Changed survey and choices.", "user": 1, "content_type": 16}, "model": "admin.logentry", "pk": 158}, {"fields": {"action_flag": 2, "action_time": "2015-11-29T15:05:01.921Z", "object_repr": "Are you in favour of an adjustment to the benefits regulations which provide for a reduction of benefits for large families and young adults?", "object_id": "8", "change_message": "Changed survey and choices.", "user": 1, "content_type": 16}, "model": "admin.logentry", "pk": 159}, {"fields": {"action_flag": 2, "action_time": "2015-11-29T15:05:08.593Z", "object_repr": "Would you appreciate the introduction of needs-based minimum benefits for families on low income on a national level?", "object_id": "7", "change_message": "Changed survey and choices.", "user": 1, "content_type": 16}, "model": "admin.logentry", "pk": 160}, {"fields": {"action_flag": 2, "action_time": "2015-11-29T15:05:19.697Z", "object_repr": "Do you support a raise in the retirement age for both women and men (e.g. to 67)?", "object_id": "6", "change_message": "Changed survey and choices.", "user": 1, "content_type": 16}, "model": "admin.logentry", "pk": 161}, {"fields": {"action_flag": 2, "action_time": "2015-11-29T15:20:18.563Z", "object_repr": "Elections to the National Council 2015", "object_id": "1", "change_message": "Changed surveypic.", "user": 1, "content_type": 18}, "model": "admin.logentry", "pk": 162}, {"fields": {"action_flag": 1, "action_time": "2015-11-29T15:21:20.455Z", "object_repr": "Elections to the Council of States 2015", "object_id": "2", "change_message": "", "user": 1, "content_type": 18}, "model": "admin.logentry", "pk": 163}, {"fields": {"action_flag": 1, "action_time": "2015-11-29T15:23:12.014Z", "object_repr": "Do you support a raise in the retirement age for both women and men (e.g. to 67)?", "object_id": "66", "change_message": "", "user": 1, "content_type": 16}, "model": "admin.logentry", "pk": 164}, {"fields": {"action_flag": 1, "action_time": "2015-11-29T15:23:50.125Z", "object_repr": "Would you agree to an increase in the minimum deductible relating to the compulsory basic health insurance scheme (KVG) from CHF 300 to CHF 500?", "object_id": "67", "change_message": "", "user": 1, "content_type": 16}, "model": "admin.logentry", "pk": 165}, {"fields": {"action_flag": 1, "action_time": "2015-11-29T15:24:32.158Z", "object_repr": "Should the government increase its efforts to support equal education opportunities (such as through vouchers for private lessons granted to students from families on low income)?", "object_id": "68", "change_message": "", "user": 1, "content_type": 16}, "model": "admin.logentry", "pk": 166}, {"fields": {"action_flag": 1, "action_time": "2015-11-29T15:25:04.256Z", "object_repr": "Would you support that foreigners who have lived for at least ten years in Switzerland being given voting and electoral rights at municipal level throughout Switzerland?", "object_id": "69", "change_message": "", "user": 1, "content_type": 16}, "model": "admin.logentry", "pk": 167}, {"fields": {"action_flag": 1, "action_time": "2015-11-29T15:25:34.529Z", "object_repr": "Should same-sex couples who have registered their partnership be able to adopt children?", "object_id": "70", "change_message": "", "user": 1, "content_type": 16}, "model": "admin.logentry", "pk": 168}, {"fields": {"action_flag": 1, "action_time": "2015-11-29T15:25:59.555Z", "object_repr": "Do you consider tax reductions on federal level a priority for the next four years?", "object_id": "71", "change_message": "", "user": 1, "content_type": 16}, "model": "admin.logentry", "pk": 169}, {"fields": {"action_flag": 1, "action_time": "2015-11-29T15:26:22.525Z", "object_repr": "Are you in favour of introducing a general minimum wage to the amount of approx. CHF 4'000 (regarding full-time employment)?", "object_id": "72", "change_message": "", "user": 1, "content_type": 16}, "model": "admin.logentry", "pk": 170}, {"fields": {"action_flag": 1, "action_time": "2015-11-29T15:26:48.443Z", "object_repr": "A popular initiative demands that nuclear energy be completely abandoned by 2029. Are you in favour of this?", "object_id": "73", "change_message": "", "user": 1, "content_type": 16}, "model": "admin.logentry", "pk": 171}, {"fields": {"action_flag": 1, "action_time": "2015-11-29T15:27:09.583Z", "object_repr": "Would you support the relaxing of legislation protecting large predators (lynx, wolves, bears)?", "object_id": "74", "change_message": "", "user": 1, "content_type": 16}, "model": "admin.logentry", "pk": 172}, {"fields": {"action_flag": 1, "action_time": "2015-11-29T15:27:31.458Z", "object_repr": "Should the financing of political parties as well as the financing of electoral and referendum campaigns be openly declared?", "object_id": "75", "change_message": "", "user": 1, "content_type": 16}, "model": "admin.logentry", "pk": 173}, {"fields": {"action_flag": 1, "action_time": "2015-11-29T15:27:52.122Z", "object_repr": "Are you in favour of a considerable reduction of the number of soldiers to 100'000 at most?", "object_id": "76", "change_message": "", "user": 1, "content_type": 16}, "model": "admin.logentry", "pk": 174}, {"fields": {"action_flag": 1, "action_time": "2015-11-29T15:28:14.009Z", "object_repr": "Do you consider the strict implementation of the large-scale immigration initiative to have priority over the continuation of bilateral agreements with the EU?", "object_id": "77", "change_message": "", "user": 1, "content_type": 16}, "model": "admin.logentry", "pk": 175}, {"fields": {"action_flag": 2, "action_time": "2015-11-29T15:47:37.924Z", "object_repr": "Elections to the National Council 2015", "object_id": "1", "change_message": "Changed surveypic.", "user": 1, "content_type": 18}, "model": "admin.logentry", "pk": 176}, {"fields": {"action_flag": 2, "action_time": "2015-11-29T15:48:20.147Z", "object_repr": "Elections to the National Council 2015", "object_id": "1", "change_message": "Changed surveypic.", "user": 1, "content_type": 18}, "model": "admin.logentry", "pk": 177}, {"fields": {"action_flag": 2, "action_time": "2015-11-29T15:52:27.754Z", "object_repr": "Elections to the National Council 2015", "object_id": "1", "change_message": "Changed surveypic.", "user": 1, "content_type": 18}, "model": "admin.logentry", "pk": 178}, {"fields": {"action_flag": 2, "action_time": "2015-11-29T16:03:04.277Z", "object_repr": "Elections to the National Council 2015", "object_id": "1", "change_message": "Changed description.", "user": 1, "content_type": 18}, "model": "admin.logentry", "pk": 179}, {"fields": {"action_flag": 2, "action_time": "2015-11-29T16:06:58.668Z", "object_repr": "Elections to the Council of States 2015", "object_id": "2", "change_message": "Changed description.", "user": 1, "content_type": 18}, "model": "admin.logentry", "pk": 180}, {"fields": {"action_flag": 3, "action_time": "2015-11-30T13:23:56.400Z", "object_repr": "Nice Question isn't it?", "object_id": "65", "change_message": "", "user": 1, "content_type": 25}, "model": "admin.logentry", "pk": 181}, {"fields": {"action_flag": 3, "action_time": "2015-11-30T13:23:56.404Z", "object_repr": "Do you like this test question?", "object_id": "64", "change_message": "", "user": 1, "content_type": 25}, "model": "admin.logentry", "pk": 182}, {"fields": {"action_flag": 3, "action_time": "2015-11-30T13:23:56.405Z", "object_repr": "M\u00f6gen Sie Steuern?", "object_id": "61", "change_message": "", "user": 1, "content_type": 25}, "model": "admin.logentry", "pk": 183}, {"fields": {"action_flag": 3, "action_time": "2015-11-30T13:23:56.408Z", "object_repr": "Ist das CandidateA's Frage?", "object_id": "60", "change_message": "", "user": 1, "content_type": 25}, "model": "admin.logentry", "pk": 184}]